PROLIFIC_PID,ExplanationPair,Transparency,Trustworthiness,Usefulness
58cd0bc2a47dbb000171dc8b,000100v001100,0,0,0
58cd0bc2a47dbb000171dc8b,000110v001110,0,0,0
58cd0bc2a47dbb000171dc8b,001100v011100,1,1,1
58cd0bc2a47dbb000171dc8b,010100v011100,1,1,1
58cd0bc2a47dbb000171dc8b,011100v011110,0,0,0
58cd0bc2a47dbb000171dc8b,100001v100101,0,0,0
58cd0bc2a47dbb000171dc8b,100111v101111,0,0,0
58cd0bc2a47dbb000171dc8b,101000v111000,1,1,1
58cd0bc2a47dbb000171dc8b,101101v101111,1,1,1
58cd0bc2a47dbb000171dc8b,110100v111100,1,1,1
59b5a275c05bb50001eb3c4b,000010v010010,1,1,1
59b5a275c05bb50001eb3c4b,001001v001011,1,1,1
59b5a275c05bb50001eb3c4b,001010v001011,0,0,0
59b5a275c05bb50001eb3c4b,010001v011001,1,1,0
59b5a275c05bb50001eb3c4b,010100v010101,0,1,1
59b5a275c05bb50001eb3c4b,100001v100011,1,1,1
59b5a275c05bb50001eb3c4b,100111v110111,1,1,1
59b5a275c05bb50001eb3c4b,110011v110111,1,1,1
59b5a275c05bb50001eb3c4b,110100v111100,1,1,1
59b5a275c05bb50001eb3c4b,111100v111110,1,1,1
5a0c4184fe645f0001e9f5dd,000010v010010,1,1,1
5a0c4184fe645f0001e9f5dd,000101v000111,1,1,1
5a0c4184fe645f0001e9f5dd,000110v010110,1,1,1
5a0c4184fe645f0001e9f5dd,001100v011100,0,0,0
5a0c4184fe645f0001e9f5dd,010100v010101,0,1,0
5a0c4184fe645f0001e9f5dd,100010v100011,1,1,1
5a0c4184fe645f0001e9f5dd,100011v110011,1,1,1
5a0c4184fe645f0001e9f5dd,101000v101010,0,0,0
5a0c4184fe645f0001e9f5dd,101001v101011,0,0,0
5a0c4184fe645f0001e9f5dd,101110v111110,0,0,0
5ae3003bca00550001e4a4b7,001010v001011,0,0,0
5ae3003bca00550001e4a4b7,001100v001101,1,1,1
5ae3003bca00550001e4a4b7,010000v010010,0,0,0
5ae3003bca00550001e4a4b7,011010v011011,0,0,0
5ae3003bca00550001e4a4b7,011010v011110,0,0,0
5ae3003bca00550001e4a4b7,100010v101010,0,0,0
5ae3003bca00550001e4a4b7,100111v110111,0,0,0
5ae3003bca00550001e4a4b7,101011v111011,1,0,1
5ae3003bca00550001e4a4b7,111101v111111,1,1,1
5ae3003bca00550001e4a4b7,111110v111111,0,0,0
5aed7ebd75deca0001626f9a,000001v010001,1,1,1
5aed7ebd75deca0001626f9a,000011v001011,0,0,0
5aed7ebd75deca0001626f9a,000111v010111,1,1,0
5aed7ebd75deca0001626f9a,001011v001111,1,1,1
5aed7ebd75deca0001626f9a,011001v011011,1,1,1
5aed7ebd75deca0001626f9a,100100v100110,1,0,0
5aed7ebd75deca0001626f9a,101001v101101,1,1,1
5aed7ebd75deca0001626f9a,101010v101110,1,1,1
5aed7ebd75deca0001626f9a,110000v110010,1,1,1
5aed7ebd75deca0001626f9a,110101v111101,1,1,1
5badf0aeae1d020001df2cc7,000000v010000,0,1,0
5badf0aeae1d020001df2cc7,000010v000110,0,0,0
5badf0aeae1d020001df2cc7,000111v001111,0,1,1
5badf0aeae1d020001df2cc7,001011v011011,1,1,1
5badf0aeae1d020001df2cc7,010100v010101,1,0,0
5badf0aeae1d020001df2cc7,101011v111011,1,0,0
5badf0aeae1d020001df2cc7,101101v101111,1,1,1
5badf0aeae1d020001df2cc7,110011v111011,1,1,0
5badf0aeae1d020001df2cc7,111000v111001,0,0,0
5badf0aeae1d020001df2cc7,111010v111011,1,1,1
5be3493a7e3c9b0001c4ccf2,000001v000011,1,1,1
5be3493a7e3c9b0001c4ccf2,001000v001100,1,1,1
5be3493a7e3c9b0001c4ccf2,010110v011110,1,1,1
5be3493a7e3c9b0001c4ccf2,011000v011010,0,1,0
5be3493a7e3c9b0001c4ccf2,100001v100011,1,0,1
5be3493a7e3c9b0001c4ccf2,100100v100101,0,0,0
5be3493a7e3c9b0001c4ccf2,100101v110101,1,1,1
5be3493a7e3c9b0001c4ccf2,101010v101011,1,1,1
5be3493a7e3c9b0001c4ccf2,110000v110010,0,0,0
5bf3199ebe7c7300017b710a,000001v000101,1,1,1
5bf3199ebe7c7300017b710a,000100v001100,1,1,1
5bf3199ebe7c7300017b710a,010011v011011,1,1,1
5bf3199ebe7c7300017b710a,011001v011011,1,1,1
5bf3199ebe7c7300017b710a,011001v011101,1,1,1
5bf3199ebe7c7300017b710a,100001v100011,1,1,1
5bf3199ebe7c7300017b710a,100110v101110,1,1,1
5bf3199ebe7c7300017b710a,110100v111100,0,1,0
5bf3199ebe7c7300017b710a,110101v111101,1,1,1
5bf3199ebe7c7300017b710a,111010v111110,1,0,0
5d4310bbd8e961001b825ca4,000100v001100,0,0,0
5d4310bbd8e961001b825ca4,001100v011100,1,1,1
5d4310bbd8e961001b825ca4,010001v011001,0,0,0
5d4310bbd8e961001b825ca4,010110v010111,0,1,1
5d4310bbd8e961001b825ca4,011000v011100,0,0,0
5d4310bbd8e961001b825ca4,100000v100010,1,1,1
5d4310bbd8e961001b825ca4,100011v100111,0,0,0
5d4310bbd8e961001b825ca4,100110v110110,1,1,1
5d4310bbd8e961001b825ca4,101011v111011,0,0,0
5d4310bbd8e961001b825ca4,110000v110010,0,0,0
5d951ede9b6f880018f63b6e,000010v001010,1,1,1
5d951ede9b6f880018f63b6e,001000v001010,1,1,1
5d951ede9b6f880018f63b6e,001100v001101,1,1,1
5d951ede9b6f880018f63b6e,001101v011101,1,1,1
5d951ede9b6f880018f63b6e,010110v011110,1,1,1
5d951ede9b6f880018f63b6e,100011v110011,1,1,1
5d951ede9b6f880018f63b6e,100100v100110,1,1,1
5d951ede9b6f880018f63b6e,110011v110111,1,1,1
5da35e177f1f7d001405f60b,001000v001100,1,1,1
5da35e177f1f7d001405f60b,001010v011010,1,1,1
5da35e177f1f7d001405f60b,010000v010010,1,1,1
5da35e177f1f7d001405f60b,010010v010011,0,0,0
5da35e177f1f7d001405f60b,010010v011010,0,0,0
5da35e177f1f7d001405f60b,101011v101111,1,1,1
5da35e177f1f7d001405f60b,101100v101101,1,1,1
5da35e177f1f7d001405f60b,110001v111001,1,1,1
5da35e177f1f7d001405f60b,110111v111111,0,0,0
5da35e177f1f7d001405f60b,111010v111110,1,1,1
5da8edc60f9c9c0017526948,000001v000011,1,1,1
5da8edc60f9c9c0017526948,001100v011100,1,1,1
5da8edc60f9c9c0017526948,010100v011100,0,1,0
5da8edc60f9c9c0017526948,011000v011010,1,0,0
5da8edc60f9c9c0017526948,011000v011100,1,1,1
5da8edc60f9c9c0017526948,100000v110000,1,1,1
5da8edc60f9c9c0017526948,101000v111000,1,1,1
5da8edc60f9c9c0017526948,101111v111111,1,1,1
5da8edc60f9c9c0017526948,111000v111001,0,0,0
5da8edc60f9c9c0017526948,111001v111011,1,1,1
5dd05d80b2204f1487f7812c,000000v001000,1,1,1
5dd05d80b2204f1487f7812c,000101v000111,1,1,1
5dd05d80b2204f1487f7812c,001011v001111,0,0,0
5dd05d80b2204f1487f7812c,010011v010111,1,1,1
5dd05d80b2204f1487f7812c,010100v010101,1,0,0
5dd05d80b2204f1487f7812c,100111v110111,1,1,1
5dd05d80b2204f1487f7812c,110101v110111,1,1,1
5dd05d80b2204f1487f7812c,111000v111001,0,0,0
5dd05d80b2204f1487f7812c,111000v111010,0,0,0
5dd05d80b2204f1487f7812c,111101v111111,1,1,1
5debfbcc3a11682f0fae8b29,000010v001010,0,0,0
5debfbcc3a11682f0fae8b29,010000v010010,1,1,1
5debfbcc3a11682f0fae8b29,010101v011101,0,0,0
5debfbcc3a11682f0fae8b29,011010v011011,0,0,0
5debfbcc3a11682f0fae8b29,011110v011111,0,0,0
5debfbcc3a11682f0fae8b29,100100v100110,1,1,1
5debfbcc3a11682f0fae8b29,101001v101011,1,1,1
5debfbcc3a11682f0fae8b29,101010v101110,1,1,1
5debfbcc3a11682f0fae8b29,101011v101111,1,1,1
5debfbcc3a11682f0fae8b29,110110v111110,0,1,0
5e8126a0d32cbc817a4df7b6,000000v000001,1,1,1
5e8126a0d32cbc817a4df7b6,000110v000111,1,0,0
5e8126a0d32cbc817a4df7b6,001011v011011,1,1,1
5e8126a0d32cbc817a4df7b6,010001v010101,1,0,0
5e8126a0d32cbc817a4df7b6,011001v011011,1,0,1
5e8126a0d32cbc817a4df7b6,100011v100111,1,0,0
5e8126a0d32cbc817a4df7b6,100100v100101,0,0,0
5e8126a0d32cbc817a4df7b6,100101v110101,0,1,1
5e8126a0d32cbc817a4df7b6,100110v110110,1,0,1
5e8126a0d32cbc817a4df7b6,110010v110110,0,1,0
5eaecb0824839e59ed3523eb,000000v000010,1,1,1
5eaecb0824839e59ed3523eb,001000v001001,1,0,1
5eaecb0824839e59ed3523eb,001001v001011,1,1,1
5eaecb0824839e59ed3523eb,011000v011010,1,1,0
5eaecb0824839e59ed3523eb,011110v011111,0,0,0
5eaecb0824839e59ed3523eb,100000v100010,1,1,1
5eaecb0824839e59ed3523eb,100011v110011,1,1,1
5eaecb0824839e59ed3523eb,100100v100101,1,0,1
5eaecb0824839e59ed3523eb,110010v110110,1,0,1
5eaecb0824839e59ed3523eb,111100v111110,1,1,1
5edfe8300b4b53308b653387,000111v001111,1,1,1
5edfe8300b4b53308b653387,011000v011100,1,1,1
5edfe8300b4b53308b653387,011010v011110,1,1,1
5f4a7a00dc1bde60ab8f7ac5,000011v000111,1,1,1
5f4a7a00dc1bde60ab8f7ac5,001001v001101,1,1,1
5f4a7a00dc1bde60ab8f7ac5,001111v011111,1,1,1
5f4a7a00dc1bde60ab8f7ac5,010011v011011,1,1,0
5f4a7a00dc1bde60ab8f7ac5,010100v010101,0,0,0
5f4a7a00dc1bde60ab8f7ac5,100000v100010,1,1,1
5f4a7a00dc1bde60ab8f7ac5,101000v101010,1,1,1
5f4a7a00dc1bde60ab8f7ac5,110110v111110,0,0,0
5f4a7a00dc1bde60ab8f7ac5,111000v111100,1,1,1
5f4a7a00dc1bde60ab8f7ac5,111101v111111,1,1,1
5f4c810ebfcaa8194f5d8c14,000000v000001,1,1,1
5f4c810ebfcaa8194f5d8c14,000011v010011,1,1,1
5f4c810ebfcaa8194f5d8c14,011000v011100,1,1,1
5f4c810ebfcaa8194f5d8c14,011011v011111,1,0,1
5f4c810ebfcaa8194f5d8c14,011110v011111,1,1,1
5f4c810ebfcaa8194f5d8c14,100101v110101,1,1,1
5f4c810ebfcaa8194f5d8c14,101000v101010,1,1,1
5f4c810ebfcaa8194f5d8c14,101001v101011,1,1,1
5f4c810ebfcaa8194f5d8c14,110100v111100,1,1,1
5f64a76a72434804865f1db1,000111v010111,1,1,1
5f64a76a72434804865f1db1,010010v010110,0,1,1
5f64a76a72434804865f1db1,010011v010111,1,1,1
5f64a76a72434804865f1db1,010100v010110,1,0,1
5f64a76a72434804865f1db1,011001v011011,0,1,1
5f64a76a72434804865f1db1,100011v101011,0,0,0
5f64a76a72434804865f1db1,100100v100101,1,1,0
5f64a76a72434804865f1db1,100111v101111,0,1,0
5f64a76a72434804865f1db1,101000v101001,1,1,0
5f64a76a72434804865f1db1,110100v110101,0,1,0
5f91a6bf59acc003a749718a,000000v000100,1,1,1
5f91a6bf59acc003a749718a,000100v000101,1,1,1
5f91a6bf59acc003a749718a,010000v010100,1,0,1
5f91a6bf59acc003a749718a,010001v010101,1,1,1
5f91a6bf59acc003a749718a,010010v010110,0,1,0
5f91a6bf59acc003a749718a,100010v100110,1,1,1
5f91a6bf59acc003a749718a,100100v100101,1,1,0
5f91a6bf59acc003a749718a,101010v101110,0,1,0
5f91a6bf59acc003a749718a,110110v111110,1,1,1
5f91a6bf59acc003a749718a,111101v111111,1,1,0
5fd25420fc18fb0008f9e30e,000010v010010,1,1,1
5fd25420fc18fb0008f9e30e,000100v000101,0,0,1
5fd25420fc18fb0008f9e30e,000100v001100,1,1,1
5fd25420fc18fb0008f9e30e,000100v010100,1,1,1
5fd25420fc18fb0008f9e30e,011001v011101,1,1,1
5fd25420fc18fb0008f9e30e,101001v101011,1,1,1
5fd25420fc18fb0008f9e30e,101011v111011,1,1,1
5fd25420fc18fb0008f9e30e,101100v101110,1,1,1
5fd25420fc18fb0008f9e30e,101110v101111,0,0,0
5fd25420fc18fb0008f9e30e,110100v110101,0,0,0
5fe075e18bcb1f9880880ce2,001001v001101,1,1,0
5fe075e18bcb1f9880880ce2,001110v001111,0,0,1
5fe075e18bcb1f9880880ce2,010000v010100,0,1,0
5fe075e18bcb1f9880880ce2,010010v010110,0,1,0
5fe075e18bcb1f9880880ce2,011000v011100,1,1,1
5fe075e18bcb1f9880880ce2,100000v100010,1,1,1
5fe075e18bcb1f9880880ce2,100001v100011,0,0,1
5fe075e18bcb1f9880880ce2,101000v101001,0,1,0
5fe075e18bcb1f9880880ce2,101100v111100,1,1,1
5fe075e18bcb1f9880880ce2,101110v111110,1,1,0
5fe230ee29598a57972db630,000000v000100,1,1,1
5fe230ee29598a57972db630,010000v011000,0,1,0
5fe230ee29598a57972db630,010110v010111,0,0,0
5fe230ee29598a57972db630,011000v011001,0,0,0
5fe230ee29598a57972db630,011000v011100,1,0,0
5fe230ee29598a57972db630,100000v100010,1,1,1
5fe230ee29598a57972db630,100001v100101,1,1,1
5fe230ee29598a57972db630,100010v100110,1,1,1
5fe230ee29598a57972db630,101111v111111,1,1,1
5fe230ee29598a57972db630,110100v110101,0,0,0
605e1fc0be766e80d0104df3,000010v001010,1,1,1
605e1fc0be766e80d0104df3,000100v001100,1,1,1
605e1fc0be766e80d0104df3,001000v001100,1,1,1
605e1fc0be766e80d0104df3,001110v011110,1,1,1
605e1fc0be766e80d0104df3,100000v100010,1,1,1
605e1fc0be766e80d0104df3,100000v110000,1,1,1
605e1fc0be766e80d0104df3,100010v100110,0,0,0
605e1fc0be766e80d0104df3,100110v100111,1,0,1
605e1fc0be766e80d0104df3,101000v101100,1,1,1
605e1fc0be766e80d0104df3,110001v111001,0,1,0
607ec7379eac7be04ab448e3,000000v000010,1,0,0
607ec7379eac7be04ab448e3,001010v001110,0,0,0
607ec7379eac7be04ab448e3,001011v001111,1,0,0
607ec7379eac7be04ab448e3,001111v011111,0,0,0
607ec7379eac7be04ab448e3,011000v011010,1,0,0
607ec7379eac7be04ab448e3,100010v110010,0,0,0
607ec7379eac7be04ab448e3,100101v101101,1,1,1
607ec7379eac7be04ab448e3,100111v101111,1,1,0
607ec7379eac7be04ab448e3,111011v111111,0,0,1
607ec7379eac7be04ab448e3,111100v111110,1,1,1
608c3c5e1cf6e05149f36b6a,000010v000110,0,0,1
608c3c5e1cf6e05149f36b6a,000011v001011,1,1,1
608c3c5e1cf6e05149f36b6a,000100v000110,1,1,1
608c3c5e1cf6e05149f36b6a,000101v000111,1,1,1
608c3c5e1cf6e05149f36b6a,001010v001011,1,1,1
608c3c5e1cf6e05149f36b6a,101010v101110,1,1,1
608c3c5e1cf6e05149f36b6a,110000v111000,1,1,1
608c3c5e1cf6e05149f36b6a,111110v111111,1,1,1
609e992968b0852fe9e73fed,000101v010101,0,0,0
609e992968b0852fe9e73fed,011000v011001,0,0,0
609e992968b0852fe9e73fed,011001v011011,1,1,1
609e992968b0852fe9e73fed,011001v011101,0,0,1
609e992968b0852fe9e73fed,110010v111010,1,1,1
609e992968b0852fe9e73fed,110101v111101,1,1,0
609e992968b0852fe9e73fed,110110v111110,1,1,1
60aad516e34718d318bfb44d,000001v001001,0,0,0
60aad516e34718d318bfb44d,001000v001001,0,0,0
60aad516e34718d318bfb44d,001100v001101,0,1,0
60aad516e34718d318bfb44d,010000v011000,1,1,1
60aad516e34718d318bfb44d,011001v011011,1,1,1
60aad516e34718d318bfb44d,100000v100001,0,0,0
60aad516e34718d318bfb44d,100010v100011,0,0,0
60aad516e34718d318bfb44d,100100v100101,0,0,0
60aad516e34718d318bfb44d,100111v110111,1,1,1
60aad516e34718d318bfb44d,111010v111110,0,0,0
60b932147633bf0dd446941e,000001v001001,1,1,1
60b932147633bf0dd446941e,000010v000110,1,1,1
60b932147633bf0dd446941e,000011v000111,1,1,1
60b932147633bf0dd446941e,001011v011011,1,1,1
60b932147633bf0dd446941e,001100v001110,1,1,1
60b932147633bf0dd446941e,110100v110101,1,1,1
60b932147633bf0dd446941e,111010v111011,0,0,0
60d9dfd4dcc09cf57dc92cb1,000000v000100,1,0,0
60d9dfd4dcc09cf57dc92cb1,000000v001000,1,1,1
60d9dfd4dcc09cf57dc92cb1,010100v010110,1,0,0
60d9dfd4dcc09cf57dc92cb1,011011v011111,0,0,0
60d9dfd4dcc09cf57dc92cb1,011110v011111,0,1,0
60d9dfd4dcc09cf57dc92cb1,100001v100011,1,1,1
60d9dfd4dcc09cf57dc92cb1,100001v101001,0,0,0
60d9dfd4dcc09cf57dc92cb1,101000v101100,0,0,0
60d9dfd4dcc09cf57dc92cb1,101001v101011,0,1,0
60d9dfd4dcc09cf57dc92cb1,110110v110111,0,0,0
60ed501279c68ea1a313d0aa,000001v010001,1,1,1
60ed501279c68ea1a313d0aa,000110v001110,0,0,0
60ed501279c68ea1a313d0aa,001110v001111,0,0,0
60ed501279c68ea1a313d0aa,010101v010111,1,1,1
60ed501279c68ea1a313d0aa,011101v011111,1,1,1
60ed501279c68ea1a313d0aa,100000v101000,0,0,0
60ed501279c68ea1a313d0aa,100101v101101,0,0,0
60ed501279c68ea1a313d0aa,101001v101011,1,1,1
60ed501279c68ea1a313d0aa,101100v111100,1,1,1
60ed501279c68ea1a313d0aa,110110v111110,1,1,1
60f06a479c4f3ec0a536d40a,000111v001111,0,1,0
60f06a479c4f3ec0a536d40a,001000v001010,1,1,1
60f06a479c4f3ec0a536d40a,001010v001110,1,1,1
60f06a479c4f3ec0a536d40a,010100v010101,0,0,1
60f06a479c4f3ec0a536d40a,011100v011110,1,1,1
60f06a479c4f3ec0a536d40a,100110v101110,0,1,0
60f06a479c4f3ec0a536d40a,101001v101011,1,1,1
60f06a479c4f3ec0a536d40a,101101v101111,1,1,1
60f06a479c4f3ec0a536d40a,110000v110100,1,1,1
60f06a479c4f3ec0a536d40a,111001v111011,0,1,0
60fb26e75427cb8125f2e4a4,000001v010001,1,1,1
60fb26e75427cb8125f2e4a4,001001v001101,1,1,1
60fb26e75427cb8125f2e4a4,010000v010001,0,0,0
60fb26e75427cb8125f2e4a4,010100v010110,0,0,0
60fb26e75427cb8125f2e4a4,011001v011011,1,1,1
60fb26e75427cb8125f2e4a4,100000v110000,1,1,1
60fb26e75427cb8125f2e4a4,100100v100101,0,1,0
60fb26e75427cb8125f2e4a4,100110v110110,0,0,0
60fb26e75427cb8125f2e4a4,101011v111011,1,1,1
60fb26e75427cb8125f2e4a4,111100v111110,1,0,0
60fd6618f9a377f54dcdf318,101101v111101,1,1,1
612058b64e8bd208d39fbe68,000011v010011,1,0,1
612058b64e8bd208d39fbe68,000100v001100,0,1,0
612058b64e8bd208d39fbe68,001010v011010,1,1,1
612058b64e8bd208d39fbe68,010010v010011,1,0,0
612058b64e8bd208d39fbe68,010101v011101,0,1,1
612058b64e8bd208d39fbe68,100001v100011,1,0,0
612058b64e8bd208d39fbe68,100100v100101,0,0,0
612058b64e8bd208d39fbe68,110001v111001,1,1,1
612058b64e8bd208d39fbe68,110010v110011,0,0,0
612058b64e8bd208d39fbe68,111100v111101,1,1,1
61241440b58a4621e8c2f050,000000v010000,0,0,0
61241440b58a4621e8c2f050,001001v001101,1,0,1
61241440b58a4621e8c2f050,001110v001111,1,1,1
61241440b58a4621e8c2f050,001111v011111,0,0,0
61241440b58a4621e8c2f050,010010v010110,0,0,0
61241440b58a4621e8c2f050,100011v101011,0,0,0
61241440b58a4621e8c2f050,101001v111001,0,0,0
61241440b58a4621e8c2f050,101010v111010,1,1,1
61241440b58a4621e8c2f050,110000v111000,1,1,1
61241440b58a4621e8c2f050,111010v111110,1,1,1
61301fcb49db2f170cb02b93,000011v001011,0,0,0
61301fcb49db2f170cb02b93,000011v010011,1,1,1
61301fcb49db2f170cb02b93,010001v010011,1,1,1
61301fcb49db2f170cb02b93,010100v011100,0,0,0
61301fcb49db2f170cb02b93,010111v011111,0,0,0
61301fcb49db2f170cb02b93,100011v101011,1,0,0
61301fcb49db2f170cb02b93,100100v100110,1,1,1
61301fcb49db2f170cb02b93,101000v101100,0,0,0
61301fcb49db2f170cb02b93,101001v111001,1,1,1
61301fcb49db2f170cb02b93,110001v111001,1,1,1
613637a4f7a0e5359082010b,000001v010001,0,0,0
613637a4f7a0e5359082010b,000101v001101,0,0,0
613637a4f7a0e5359082010b,001000v001010,0,1,1
613637a4f7a0e5359082010b,001000v001100,1,1,1
613637a4f7a0e5359082010b,010101v010111,1,1,1
613637a4f7a0e5359082010b,100011v101011,1,1,1
613637a4f7a0e5359082010b,100100v110100,1,1,1
613637a4f7a0e5359082010b,100110v110110,1,1,1
613637a4f7a0e5359082010b,101000v101100,1,1,1
613637a4f7a0e5359082010b,101001v101011,1,1,1
6159ccda0f6f7807b9207e4b,000101v010101,0,1,0
6159ccda0f6f7807b9207e4b,000111v010111,0,1,0
6159ccda0f6f7807b9207e4b,001101v001111,0,0,0
6159ccda0f6f7807b9207e4b,010001v011001,1,1,1
6159ccda0f6f7807b9207e4b,011000v011001,0,0,0
6159ccda0f6f7807b9207e4b,100000v100001,1,0,1
6159ccda0f6f7807b9207e4b,101010v101110,1,1,1
6159ccda0f6f7807b9207e4b,101101v111101,1,1,1
6159ccda0f6f7807b9207e4b,110000v110001,1,1,1
6159ccda0f6f7807b9207e4b,111110v111111,0,1,0
628db649ec2ce46bc626570f,000000v000100,1,1,0
628db649ec2ce46bc626570f,000010v000011,0,0,1
628db649ec2ce46bc626570f,001010v001011,1,1,0
628db649ec2ce46bc626570f,010011v010111,0,1,0
628db649ec2ce46bc626570f,011100v011101,0,0,0
628db649ec2ce46bc626570f,100010v101010,1,1,1
628db649ec2ce46bc626570f,100101v101101,0,1,1
628db649ec2ce46bc626570f,101000v101010,1,1,1
628db649ec2ce46bc626570f,101001v111001,1,1,1
628db649ec2ce46bc626570f,111001v111011,0,0,0
62903d86dad1252ede51100f,000010v000011,1,0,0
62903d86dad1252ede51100f,000101v001101,1,1,0
62903d86dad1252ede51100f,001000v001100,1,0,0
62903d86dad1252ede51100f,010011v011011,1,0,1
62903d86dad1252ede51100f,011110v011111,1,0,0
62903d86dad1252ede51100f,100110v110110,1,0,1
62903d86dad1252ede51100f,100111v110111,1,0,1
62903d86dad1252ede51100f,110000v110001,0,0,0
62903d86dad1252ede51100f,110000v110010,1,1,1
62903d86dad1252ede51100f,111000v111100,0,1,1
62b628e4351d179f1ff6cc59,000010v010010,1,1,1
62b628e4351d179f1ff6cc59,000100v000110,0,0,0
62b628e4351d179f1ff6cc59,001000v001001,1,1,1
62b628e4351d179f1ff6cc59,001101v001111,0,0,0
62b628e4351d179f1ff6cc59,010000v010100,1,1,1
62e154b0682e270b4acdf5ee,000001v000101,0,1,1
62e154b0682e270b4acdf5ee,000010v000011,1,1,1
62e154b0682e270b4acdf5ee,000010v010010,1,1,1
62e154b0682e270b4acdf5ee,001010v001110,1,1,1
62e154b0682e270b4acdf5ee,011100v011101,1,1,0
62e154b0682e270b4acdf5ee,100011v101011,1,1,0
62e154b0682e270b4acdf5ee,100101v101101,1,1,1
62e154b0682e270b4acdf5ee,101000v101010,0,1,1
62e154b0682e270b4acdf5ee,101110v101111,1,1,0
62e154b0682e270b4acdf5ee,110000v110010,0,0,0
6334b0fc574064de4e68f578,001110v001111,0,0,0
6334b0fc574064de4e68f578,010001v011001,0,0,0
6334b0fc574064de4e68f578,011000v011100,1,1,1
6334b0fc574064de4e68f578,011001v011011,1,1,1
6334b0fc574064de4e68f578,011100v011110,1,0,0
6334b0fc574064de4e68f578,100100v100110,1,1,1
6334b0fc574064de4e68f578,101000v101100,0,0,0
6334b0fc574064de4e68f578,110010v110011,0,0,0
6334b0fc574064de4e68f578,110111v111111,1,1,1
6334b0fc574064de4e68f578,111011v111111,1,1,1
636598a7a571403968d03bf2,000000v000100,0,0,0
636598a7a571403968d03bf2,000001v001001,0,0,0
636598a7a571403968d03bf2,010000v010001,0,0,0
636598a7a571403968d03bf2,010011v011011,0,0,0
636598a7a571403968d03bf2,011000v011010,1,1,1
636598a7a571403968d03bf2,100001v100011,1,1,1
636598a7a571403968d03bf2,101101v101111,1,1,1
636598a7a571403968d03bf2,110000v110100,1,1,1
636598a7a571403968d03bf2,110001v110101,1,1,1
636598a7a571403968d03bf2,111010v111011,0,0,0
63cefafe1587b9e35702bc9e,000000v010000,1,1,1
63cefafe1587b9e35702bc9e,000101v001101,0,1,0
63cefafe1587b9e35702bc9e,001100v001101,0,0,0
63cefafe1587b9e35702bc9e,001110v001111,0,0,0
63cefafe1587b9e35702bc9e,010001v010101,1,1,1
63cefafe1587b9e35702bc9e,100000v101000,0,1,0
63cefafe1587b9e35702bc9e,100001v100101,1,1,1
63cefafe1587b9e35702bc9e,100110v101110,0,1,0
63cefafe1587b9e35702bc9e,110001v111001,0,1,0
63cefafe1587b9e35702bc9e,111000v111010,1,0,1
646346fe4c7507b84b11a28a,000001v000011,1,1,1
646346fe4c7507b84b11a28a,000100v001100,0,0,0
646346fe4c7507b84b11a28a,010010v011010,0,0,0
646346fe4c7507b84b11a28a,010110v010111,0,0,0
646346fe4c7507b84b11a28a,100000v100010,1,1,0
646346fe4c7507b84b11a28a,100010v110010,1,1,1
646346fe4c7507b84b11a28a,100110v100111,0,0,0
646346fe4c7507b84b11a28a,101100v101101,1,1,1
646346fe4c7507b84b11a28a,101111v111111,1,1,1
646346fe4c7507b84b11a28a,110000v110100,0,1,0
647660ef7bc13de7eaf0c76e,000010v001010,0,0,0
647660ef7bc13de7eaf0c76e,000100v010100,1,1,1
647660ef7bc13de7eaf0c76e,001101v011101,1,1,1
647660ef7bc13de7eaf0c76e,001110v001111,1,1,1
647660ef7bc13de7eaf0c76e,100110v100111,1,1,1
647660ef7bc13de7eaf0c76e,110011v111011,1,1,1
647660ef7bc13de7eaf0c76e,111001v111011,1,1,1
65de5ddcc637719fe458fc76,000101v000111,1,1,1
65de5ddcc637719fe458fc76,111000v111001,0,1,1
65de5ddcc637719fe458fc76,111001v111011,0,1,1
66073c4673a44d32dc246496,000011v001011,1,1,1
66073c4673a44d32dc246496,000011v010011,0,0,0
66073c4673a44d32dc246496,000110v001110,1,1,1
66073c4673a44d32dc246496,001101v011101,1,0,0
66073c4673a44d32dc246496,010010v011010,1,1,1
66073c4673a44d32dc246496,100011v101011,1,1,1
66073c4673a44d32dc246496,101110v101111,1,1,1
66073c4673a44d32dc246496,110111v111111,0,1,1
66073c4673a44d32dc246496,111001v111011,1,0,1
66073c4673a44d32dc246496,111110v111111,0,0,0
6612990fa0e1d2605331a833,000100v000101,0,1,1
6612990fa0e1d2605331a833,001011v001111,0,1,0
6612990fa0e1d2605331a833,001100v001110,1,1,1
6612990fa0e1d2605331a833,010000v010010,0,0,1
6612990fa0e1d2605331a833,010110v011110,1,0,1
6612990fa0e1d2605331a833,100011v110011,0,1,1
6612990fa0e1d2605331a833,101001v111001,1,1,0
6612990fa0e1d2605331a833,101100v111100,1,1,1
6612990fa0e1d2605331a833,110001v110011,1,1,0
6624638357b56eb340c8f109,000000v001000,1,1,1
6624638357b56eb340c8f109,001011v011011,1,1,1
6624638357b56eb340c8f109,010101v010111,1,1,1
6624638357b56eb340c8f109,010101v011101,1,1,1
6624638357b56eb340c8f109,011101v011111,1,1,1
6624638357b56eb340c8f109,100000v100001,1,1,1
6624638357b56eb340c8f109,101010v101011,0,0,0
6624638357b56eb340c8f109,101100v101110,1,1,1
6624638357b56eb340c8f109,110000v110100,1,1,1
6624638357b56eb340c8f109,111010v111011,0,0,0
6630e55b3b999569b5a36635,001000v001010,1,1,1
6630e55b3b999569b5a36635,001000v001100,1,1,1
6630e55b3b999569b5a36635,001010v011010,1,1,1
6630e55b3b999569b5a36635,010000v010010,1,1,1
6630e55b3b999569b5a36635,010010v010011,1,1,1
6630e55b3b999569b5a36635,100010v110010,1,1,1
6630e55b3b999569b5a36635,101011v111011,1,1,1
6630e55b3b999569b5a36635,110000v110010,1,1,1
6630e55b3b999569b5a36635,110000v110100,1,1,1
6630e55b3b999569b5a36635,111001v111101,1,1,1
6638e6601cddfd62522b3913,000001v000011,0,0,0
6638e6601cddfd62522b3913,001000v001001,0,0,0
6638e6601cddfd62522b3913,001101v011101,0,0,0
6638e6601cddfd62522b3913,010000v011000,0,0,0
6638e6601cddfd62522b3913,011100v011110,0,0,0
6638e6601cddfd62522b3913,100101v110101,0,0,0
664df024c7ce709382bea0ed,000011v001011,0,0,0
664df024c7ce709382bea0ed,001000v011000,0,1,1
664df024c7ce709382bea0ed,001100v011100,1,1,1
664df024c7ce709382bea0ed,010010v010011,1,1,1
664df024c7ce709382bea0ed,100011v110011,0,1,1
664df024c7ce709382bea0ed,100100v100110,0,1,1
664df024c7ce709382bea0ed,101101v101111,1,1,1
664df024c7ce709382bea0ed,110011v111011,1,1,1
665e2a3fcff6620a57b2fcd6,000000v001000,1,1,1
665e2a3fcff6620a57b2fcd6,000001v000101,1,1,1
665e2a3fcff6620a57b2fcd6,000111v001111,0,0,0
665e2a3fcff6620a57b2fcd6,010011v010111,1,0,1
665e2a3fcff6620a57b2fcd6,100100v101100,0,1,0
665e2a3fcff6620a57b2fcd6,100101v101101,0,0,0
665e2a3fcff6620a57b2fcd6,100110v100111,1,1,1
665e2a3fcff6620a57b2fcd6,101000v101100,1,1,1
665e2a3fcff6620a57b2fcd6,101110v111110,1,1,1
665e2a3fcff6620a57b2fcd6,110010v110011,0,0,0
66656db67864801db6a0e2c6,000100v010100,1,1,1
66656db67864801db6a0e2c6,001001v001011,1,1,1
66656db67864801db6a0e2c6,010001v010011,1,1,1
66656db67864801db6a0e2c6,011100v011101,0,0,0
66656db67864801db6a0e2c6,011101v011111,1,1,1
66656db67864801db6a0e2c6,100001v101001,1,1,1
66656db67864801db6a0e2c6,100001v110001,0,1,0
66656db67864801db6a0e2c6,100010v100011,1,1,1
66656db67864801db6a0e2c6,100010v110010,1,1,1
66656db67864801db6a0e2c6,110110v110111,1,1,1
66735fc590d2b006289002b6,000000v010000,1,1,1
66735fc590d2b006289002b6,001111v011111,1,1,1
66735fc590d2b006289002b6,010000v010010,1,1,1
66735fc590d2b006289002b6,010111v011111,0,1,0
66735fc590d2b006289002b6,011011v011111,1,1,1
66735fc590d2b006289002b6,100011v110011,1,0,0
66735fc590d2b006289002b6,101000v101010,1,1,1
66735fc590d2b006289002b6,101101v111101,1,1,1
66735fc590d2b006289002b6,110000v110100,1,1,1
66735fc590d2b006289002b6,111100v111110,1,1,1
6682a6cf425086c187769348,000101v000111,1,1,1
6682a6cf425086c187769348,001001v001101,0,0,0
6682a6cf425086c187769348,001001v011001,0,0,0
6682a6cf425086c187769348,010011v010111,1,1,1
6682a6cf425086c187769348,011100v011101,0,1,0
6682a6cf425086c187769348,100000v100100,0,1,0
6682a6cf425086c187769348,101100v101101,0,1,0
6682a6cf425086c187769348,110000v110001,0,0,0
6685cec5c360283099e5bb29,000110v000111,0,0,0
6685cec5c360283099e5bb29,001001v011001,1,1,1
6685cec5c360283099e5bb29,001011v011011,1,1,1
6685cec5c360283099e5bb29,011010v011011,1,1,1
6685cec5c360283099e5bb29,100001v101001,1,1,1
6685cec5c360283099e5bb29,100010v100011,0,0,0
6685cec5c360283099e5bb29,100110v100111,1,1,1
6685cec5c360283099e5bb29,101000v101100,1,1,1
6685cec5c360283099e5bb29,101010v111010,1,1,1
6685cec5c360283099e5bb29,110101v111101,1,0,1
6691a5c500af8a7d634133f7,000110v010110,1,1,1
6691a5c500af8a7d634133f7,000111v010111,0,1,1
6691a5c500af8a7d634133f7,001101v011101,1,1,1
6691a5c500af8a7d634133f7,010000v010001,0,0,0
6691a5c500af8a7d634133f7,010011v011011,0,1,0
6691a5c500af8a7d634133f7,100010v100110,1,1,1
6691a5c500af8a7d634133f7,100101v101101,1,1,1
6691a5c500af8a7d634133f7,100111v110111,0,0,0
6691a5c500af8a7d634133f7,110011v111011,0,0,0
6691a5c500af8a7d634133f7,110111v111111,0,1,0
669677d986a5a20026bbf20e,000110v001110,0,0,0
669677d986a5a20026bbf20e,000111v001111,0,0,0
669677d986a5a20026bbf20e,001101v011101,1,1,1
669677d986a5a20026bbf20e,010010v011010,1,1,1
669677d986a5a20026bbf20e,011101v011111,1,0,1
669677d986a5a20026bbf20e,100101v100111,0,0,0
669677d986a5a20026bbf20e,101000v101100,0,1,1
669677d986a5a20026bbf20e,110100v111100,0,0,0
669677d986a5a20026bbf20e,110110v110111,1,1,1
669677d986a5a20026bbf20e,111100v111110,1,0,0
669a9bee096a778e4939c25c,000110v010110,1,0,0
669a9bee096a778e4939c25c,001000v001010,0,0,0
669a9bee096a778e4939c25c,010000v011000,0,1,1
669a9bee096a778e4939c25c,011000v011100,1,1,0
669a9bee096a778e4939c25c,011001v011011,0,1,1
669a9bee096a778e4939c25c,100001v100011,0,1,1
669a9bee096a778e4939c25c,100100v100110,1,0,0
669a9bee096a778e4939c25c,101001v101101,0,0,1
669a9bee096a778e4939c25c,101101v111101,1,1,0
669a9bee096a778e4939c25c,111010v111110,1,0,1
66bf8e9849e9d38db3d8d40e,000000v000001,0,1,1
66bf8e9849e9d38db3d8d40e,001010v011010,1,0,1
66bf8e9849e9d38db3d8d40e,010010v011010,1,1,1
66bf8e9849e9d38db3d8d40e,010100v011100,0,0,0
66bf8e9849e9d38db3d8d40e,011011v011111,1,0,0
66bf8e9849e9d38db3d8d40e,100011v110011,1,1,1
66bf8e9849e9d38db3d8d40e,101000v101010,1,1,1
66bf8e9849e9d38db3d8d40e,101000v111000,1,1,1
66bf8e9849e9d38db3d8d40e,101101v101111,1,1,1
66bf8e9849e9d38db3d8d40e,111010v111110,1,1,1
66c89eb04ea6921d950d6a53,001000v001100,0,0,1
66c89eb04ea6921d950d6a53,001101v011101,1,0,1
66c89eb04ea6921d950d6a53,010000v010100,0,0,1
66c89eb04ea6921d950d6a53,010001v011001,1,1,1
66c89eb04ea6921d950d6a53,100000v100010,1,1,1
66c89eb04ea6921d950d6a53,100010v101010,1,1,1
66c89eb04ea6921d950d6a53,101010v101011,0,0,0
66c89eb04ea6921d950d6a53,101101v101111,1,1,1
66c89eb04ea6921d950d6a53,111101v111111,1,0,1
66d2537675f4f1fc0aded926,000010v000110,1,1,1
66d2537675f4f1fc0aded926,000101v000111,1,1,1
66d2537675f4f1fc0aded926,000110v001110,0,0,0
66d2537675f4f1fc0aded926,000111v010111,1,1,1
66d2537675f4f1fc0aded926,001010v001011,0,0,0
66d2537675f4f1fc0aded926,100100v100110,1,1,1
66d2537675f4f1fc0aded926,100111v110111,1,1,1
66d2537675f4f1fc0aded926,101110v111110,1,1,1
66d2537675f4f1fc0aded926,111001v111011,1,1,1
66d2537675f4f1fc0aded926,111101v111111,1,1,1
66f47421b650b6c39e80fa0d,000010v000110,1,1,1
66f47421b650b6c39e80fa0d,000100v000101,0,1,1
66f47421b650b6c39e80fa0d,000100v001100,0,1,1
66f47421b650b6c39e80fa0d,011000v011100,1,1,1
66f47421b650b6c39e80fa0d,011001v011011,1,1,1
66f47421b650b6c39e80fa0d,100010v101010,1,1,0
66f47421b650b6c39e80fa0d,100101v101101,1,1,1
66f47421b650b6c39e80fa0d,101101v111101,1,1,1
66f47421b650b6c39e80fa0d,110100v111100,1,1,1
66f47421b650b6c39e80fa0d,111010v111011,0,0,0
66fd3f6c93c24ecc119be354,000110v010110,0,0,0
66fd3f6c93c24ecc119be354,001010v001011,1,1,1
66fd3f6c93c24ecc119be354,010000v011000,1,1,1
66fd3f6c93c24ecc119be354,010100v010101,0,0,0
66fd3f6c93c24ecc119be354,011001v011101,0,0,0
66fd3f6c93c24ecc119be354,100001v100101,0,0,0
66fd3f6c93c24ecc119be354,100011v101011,1,1,1
66fd3f6c93c24ecc119be354,101110v101111,1,1,1
66fd3f6c93c24ecc119be354,101111v111111,0,0,0
66fd3f6c93c24ecc119be354,110100v110110,1,1,1
670d89e20d9505598161c571,000100v001100,0,0,0
670d89e20d9505598161c571,001000v001100,1,0,1
670d89e20d9505598161c571,010100v011100,0,0,0
670d89e20d9505598161c571,010110v010111,0,0,0
670d89e20d9505598161c571,011001v011101,1,0,1
670d89e20d9505598161c571,101110v101111,0,0,0
670d89e20d9505598161c571,110001v111001,1,1,1
670d89e20d9505598161c571,111001v111011,1,0,1
670d89e20d9505598161c571,111001v111101,1,0,1
670d89e20d9505598161c571,111010v111011,0,0,0
671ce7ade7a5cd2edc847b94,000000v000001,1,1,1
671ce7ade7a5cd2edc847b94,000010v000110,1,1,1
671ce7ade7a5cd2edc847b94,000011v001011,1,1,1
671ce7ade7a5cd2edc847b94,000011v010011,1,1,1
671ce7ade7a5cd2edc847b94,011100v011101,0,0,0
671ce7ade7a5cd2edc847b94,100000v110000,1,1,1
671ce7ade7a5cd2edc847b94,101010v101011,0,0,0
671ce7ade7a5cd2edc847b94,101110v111110,1,1,1
671ce7ade7a5cd2edc847b94,101111v111111,1,1,1
671ce7ade7a5cd2edc847b94,111110v111111,1,1,1
67229811bb29b9274c500958,000000v000001,1,1,1
67229811bb29b9274c500958,000001v000011,1,1,1
67229811bb29b9274c500958,000011v001011,1,1,1
67229811bb29b9274c500958,001000v001010,1,1,1
67229811bb29b9274c500958,001110v001111,0,0,0
67229811bb29b9274c500958,100000v110000,1,1,1
67229811bb29b9274c500958,100100v101100,1,1,1
67229811bb29b9274c500958,100101v110101,1,1,1
67229811bb29b9274c500958,101001v101101,1,1,1
67229811bb29b9274c500958,110110v110111,0,0,0
672541915a9a5ac8b878a28e,010000v010001,0,1,1
672541915a9a5ac8b878a28e,010001v011001,1,1,0
672541915a9a5ac8b878a28e,010100v011100,1,1,1
672541915a9a5ac8b878a28e,010101v010111,1,0,1
672541915a9a5ac8b878a28e,010111v011111,1,1,1
672541915a9a5ac8b878a28e,101100v101101,1,0,0
672541915a9a5ac8b878a28e,101110v101111,0,1,0
672541915a9a5ac8b878a28e,110001v110011,1,0,1
672541915a9a5ac8b878a28e,111001v111011,0,0,0
672541915a9a5ac8b878a28e,111110v111111,0,0,0
6728092788e31f69b592fda0,000011v010011,0,1,0
6728092788e31f69b592fda0,001001v011001,1,0,0
6728092788e31f69b592fda0,001101v011101,0,1,0
672d98919cc177d28c204e76,000100v001100,0,0,0
672d98919cc177d28c204e76,000111v001111,0,0,0
672d98919cc177d28c204e76,001001v001011,1,1,1
672d98919cc177d28c204e76,001010v001011,0,1,0
672d98919cc177d28c204e76,010000v011000,1,1,1
672d98919cc177d28c204e76,100100v100110,1,1,1
672d98919cc177d28c204e76,100110v110110,1,1,1
672d98919cc177d28c204e76,101000v111000,1,1,1
672d98919cc177d28c204e76,101100v101110,1,1,1
672d98919cc177d28c204e76,110011v111011,1,1,1
6730e0ef3a55ae89d05e0eaf,000000v010000,0,1,1
6730e0ef3a55ae89d05e0eaf,000100v000110,1,0,1
6730e0ef3a55ae89d05e0eaf,000101v000111,1,0,1
6730e0ef3a55ae89d05e0eaf,010100v011100,1,1,1
6730e0ef3a55ae89d05e0eaf,011000v011010,1,1,1
6730e0ef3a55ae89d05e0eaf,100000v100100,1,1,1
6730e0ef3a55ae89d05e0eaf,100010v100011,0,0,0
6730e0ef3a55ae89d05e0eaf,110001v111001,1,1,1
6730e0ef3a55ae89d05e0eaf,111000v111100,1,1,1
6730e0ef3a55ae89d05e0eaf,111010v111110,1,1,1
6734f1a1bb7c7049f1af7029,000100v010100,1,1,1
6734f1a1bb7c7049f1af7029,001000v011000,1,1,1
6734f1a1bb7c7049f1af7029,010010v010011,1,0,0
6734f1a1bb7c7049f1af7029,010110v011110,1,1,1
6734f1a1bb7c7049f1af7029,010111v011111,0,0,0
6734f1a1bb7c7049f1af7029,100011v100111,0,1,0
6734f1a1bb7c7049f1af7029,100100v100110,1,1,1
6734f1a1bb7c7049f1af7029,101001v111001,1,1,1
6734f1a1bb7c7049f1af7029,110101v111101,1,1,1
6734f1a1bb7c7049f1af7029,111011v111111,1,1,1
673a14aafb72498ab623576e,000101v000111,1,0,1
673a14aafb72498ab623576e,001010v001110,1,1,1
673a14aafb72498ab623576e,001010v011010,1,1,1
673a14aafb72498ab623576e,001110v011110,1,1,1
673a14aafb72498ab623576e,011000v011001,0,0,1
673a14aafb72498ab623576e,100011v100111,0,0,0
673a14aafb72498ab623576e,101100v101110,0,1,0
673a14aafb72498ab623576e,110001v110011,1,1,0
673a14aafb72498ab623576e,110001v111001,1,1,1
673a14aafb72498ab623576e,111001v111101,1,1,1
674066a20dd7ea932dfcd1ea,000001v001001,0,1,1
674066a20dd7ea932dfcd1ea,001000v001001,1,0,0
674066a20dd7ea932dfcd1ea,001000v011000,1,1,1
674066a20dd7ea932dfcd1ea,010000v010001,0,0,0
674066a20dd7ea932dfcd1ea,010010v010110,1,1,1
674066a20dd7ea932dfcd1ea,100001v100011,1,1,1
674066a20dd7ea932dfcd1ea,100010v100110,1,1,1
674066a20dd7ea932dfcd1ea,100010v101010,1,1,1
674066a20dd7ea932dfcd1ea,111011v111111,1,1,1
674066a20dd7ea932dfcd1ea,111101v111111,1,0,0
6745bcf265be386d152870ce,000000v010000,1,1,1
6745bcf265be386d152870ce,000101v010101,1,0,1
6745bcf265be386d152870ce,001110v011110,1,1,1
6745bcf265be386d152870ce,001111v011111,1,0,1
6745bcf265be386d152870ce,010011v011011,0,1,1
6745bcf265be386d152870ce,100000v110000,1,0,1
6745bcf265be386d152870ce,100001v100101,1,0,0
6745bcf265be386d152870ce,100010v100110,1,0,1
6745bcf265be386d152870ce,101011v101111,1,0,1
6745bcf265be386d152870ce,111000v111100,1,0,1
6755a0ba328d7effd6e56a20,000111v010111,0,0,0
6755a0ba328d7effd6e56a20,001000v001100,1,1,1
6755a0ba328d7effd6e56a20,011010v011011,1,1,1
6755a0ba328d7effd6e56a20,100110v100111,0,0,0
6755a0ba328d7effd6e56a20,101011v111011,0,0,0
6755a0ba328d7effd6e56a20,111000v111001,1,1,1
6758de6c918d844588f31949,000000v000001,1,1,0
6758de6c918d844588f31949,000010v000110,1,1,0
6758de6c918d844588f31949,001001v011001,1,1,1
6758de6c918d844588f31949,010011v011011,1,0,0
6758de6c918d844588f31949,011011v011111,0,0,0
6758de6c918d844588f31949,100010v100110,1,1,1
6758de6c918d844588f31949,100110v110110,0,0,1
6758de6c918d844588f31949,101011v101111,0,0,0
6758de6c918d844588f31949,101100v111100,1,1,1
6758de6c918d844588f31949,110000v111000,1,1,1
675ce427f72ea526d6083376,001000v011000,1,1,1
675ce427f72ea526d6083376,001110v011110,0,0,0
675ce427f72ea526d6083376,010000v010100,0,0,0
675ce427f72ea526d6083376,010001v010101,0,0,0
675ce427f72ea526d6083376,011000v011001,0,1,0
675ce427f72ea526d6083376,100000v100010,1,1,1
675ce427f72ea526d6083376,100011v100111,1,1,1
675ce427f72ea526d6083376,101000v101010,1,1,1
675ce427f72ea526d6083376,101001v101101,0,0,0
675ce427f72ea526d6083376,101100v101101,0,0,0
676334ae578dda6ef33f5886,000000v001000,0,0,0
676334ae578dda6ef33f5886,000011v000111,0,1,0
676334ae578dda6ef33f5886,001100v001101,1,0,0
676334ae578dda6ef33f5886,010001v010101,0,1,1
676334ae578dda6ef33f5886,010101v011101,0,0,1
676334ae578dda6ef33f5886,100000v110000,0,1,1
676334ae578dda6ef33f5886,100001v110001,1,0,0
676334ae578dda6ef33f5886,100010v100011,0,1,1
676334ae578dda6ef33f5886,110100v111100,0,0,1
676334ae578dda6ef33f5886,111001v111011,1,0,1
6764cce7a10cc8e279651a57,000010v001010,0,0,0
6764cce7a10cc8e279651a57,000011v000111,1,1,1
6764cce7a10cc8e279651a57,001000v011000,0,0,0
6764cce7a10cc8e279651a57,001011v001111,1,1,1
6764cce7a10cc8e279651a57,010111v011111,0,0,0
6764cce7a10cc8e279651a57,100000v100001,1,1,1
6764cce7a10cc8e279651a57,100001v110001,0,0,0
6764cce7a10cc8e279651a57,100010v100110,1,1,1
6764cce7a10cc8e279651a57,100110v110110,0,0,0
6764cce7a10cc8e279651a57,101011v101111,1,1,1
6765bcb79fbd620b26b702f2,000011v000111,0,0,0
6765bcb79fbd620b26b702f2,000100v000110,1,0,0
6765bcb79fbd620b26b702f2,000101v000111,1,0,0
6765bcb79fbd620b26b702f2,010000v010010,1,0,1
6765bcb79fbd620b26b702f2,010010v010011,1,0,0
6765bcb79fbd620b26b702f2,100000v100100,0,0,0
6765bcb79fbd620b26b702f2,100000v101000,1,1,1
6765bcb79fbd620b26b702f2,100100v100101,0,0,0
6765bcb79fbd620b26b702f2,101010v101110,0,0,0
6765bcb79fbd620b26b702f2,111001v111011,1,0,1
677052c959de45fd60f8d1a9,001011v001111,0,1,0
677052c959de45fd60f8d1a9,001101v011101,1,1,1
677052c959de45fd60f8d1a9,010000v010100,1,1,1
677052c959de45fd60f8d1a9,010001v011001,0,1,1
677052c959de45fd60f8d1a9,010101v010111,0,1,1
677052c959de45fd60f8d1a9,101011v101111,0,1,0
677052c959de45fd60f8d1a9,101110v101111,0,1,0
677052c959de45fd60f8d1a9,110010v110110,0,0,0
677052c959de45fd60f8d1a9,110111v111111,1,1,1
677052c959de45fd60f8d1a9,111110v111111,1,1,1
6772635d620fb499e8d268e6,000000v000010,1,1,1
6772635d620fb499e8d268e6,000010v001010,1,1,1
6772635d620fb499e8d268e6,001001v011001,0,0,0
6772635d620fb499e8d268e6,001010v001110,0,0,0
6772635d620fb499e8d268e6,010101v011101,1,1,1
6772635d620fb499e8d268e6,100010v100110,1,1,1
6772635d620fb499e8d268e6,110010v110110,1,1,1
6772635d620fb499e8d268e6,110100v110110,0,0,0
6772635d620fb499e8d268e6,111000v111010,0,0,0
6772635d620fb499e8d268e6,111010v111110,1,1,1
67746ee55ca6064173cd144c,000110v001110,0,0,1
67746ee55ca6064173cd144c,001000v001010,1,0,1
67746ee55ca6064173cd144c,001000v001100,1,1,1
67746ee55ca6064173cd144c,010100v010110,1,0,1
67746ee55ca6064173cd144c,010101v011101,0,0,0
67746ee55ca6064173cd144c,100100v100101,1,1,1
67746ee55ca6064173cd144c,101001v101101,0,1,1
67746ee55ca6064173cd144c,110000v111000,0,0,0
67746ee55ca6064173cd144c,111010v111110,1,1,1
67746ee55ca6064173cd144c,111101v111111,1,1,1
6775705bea43dc075785b62a,001011v011011,1,1,1
6775705bea43dc075785b62a,010001v010011,1,1,1
6775705bea43dc075785b62a,010011v010111,1,1,1
6775705bea43dc075785b62a,011011v011111,1,1,1
6775705bea43dc075785b62a,011110v011111,1,1,1
6775705bea43dc075785b62a,100011v100111,1,1,1
6775705bea43dc075785b62a,101001v111001,1,1,1
6775705bea43dc075785b62a,101110v101111,0,0,0
6775705bea43dc075785b62a,101111v111111,1,1,1
6775705bea43dc075785b62a,110101v111101,0,0,0
6777512e3d92c407ed6af464,010001v011001,0,0,0
6777512e3d92c407ed6af464,010101v010111,1,1,1
6777512e3d92c407ed6af464,010101v011101,1,1,1
6777512e3d92c407ed6af464,010110v010111,1,1,1
6777512e3d92c407ed6af464,011011v011111,0,0,0
6777512e3d92c407ed6af464,100001v101001,1,1,1
6777512e3d92c407ed6af464,100010v101010,0,0,0
6777512e3d92c407ed6af464,100100v110100,1,1,1
6777512e3d92c407ed6af464,110010v110110,1,1,1
6777512e3d92c407ed6af464,111000v111100,1,1,1
677afb901c6dd9780bdcca85,000000v000010,0,0,1
677afb901c6dd9780bdcca85,000001v001001,1,0,0
677afb901c6dd9780bdcca85,000011v001011,1,0,1
677afb901c6dd9780bdcca85,000100v000101,1,0,1
677afb901c6dd9780bdcca85,010111v011111,0,0,0
677afb901c6dd9780bdcca85,100000v100100,1,1,1
677afb901c6dd9780bdcca85,100001v110001,1,1,1
677afb901c6dd9780bdcca85,101000v101010,1,0,0
677afb901c6dd9780bdcca85,101000v111000,0,1,1
677afb901c6dd9780bdcca85,110000v111000,0,1,1
677ced2e1a038fd5c8c3df1f,000001v000011,0,1,1
677ced2e1a038fd5c8c3df1f,010011v010111,0,1,1
677ced2e1a038fd5c8c3df1f,010100v010110,0,1,1
677ced2e1a038fd5c8c3df1f,011010v011110,1,1,1
677ced2e1a038fd5c8c3df1f,011011v011111,0,1,0
677ced2e1a038fd5c8c3df1f,100011v110011,1,0,0
677ced2e1a038fd5c8c3df1f,101001v111001,0,1,1
677ced2e1a038fd5c8c3df1f,101010v111010,1,0,0
677ced2e1a038fd5c8c3df1f,101110v101111,0,1,1
677ced2e1a038fd5c8c3df1f,111100v111110,0,1,1
678063ddb3b444c30ed8d792,001011v001111,1,1,1
678063ddb3b444c30ed8d792,001011v011011,0,0,0
678063ddb3b444c30ed8d792,010110v010111,0,0,0
678063ddb3b444c30ed8d792,010111v011111,0,0,0
678063ddb3b444c30ed8d792,100110v100111,0,0,0
678063ddb3b444c30ed8d792,101000v101001,0,0,0
678063ddb3b444c30ed8d792,110011v111011,0,0,0
678063ddb3b444c30ed8d792,110100v110110,1,1,1
678063ddb3b444c30ed8d792,110101v110111,1,1,1
678063ddb3b444c30ed8d792,111110v111111,0,0,0
678b6f14e9936eb344e4a845,000000v010000,1,1,1
678b6f14e9936eb344e4a845,000100v000101,1,1,1
678b6f14e9936eb344e4a845,001111v011111,1,1,1
678b6f14e9936eb344e4a845,011000v011001,0,1,0
678b6f14e9936eb344e4a845,011001v011011,1,1,1
678b6f14e9936eb344e4a845,100011v110011,1,0,0
678b6f14e9936eb344e4a845,100101v100111,1,1,1
678b6f14e9936eb344e4a845,100111v110111,1,1,1
678b6f14e9936eb344e4a845,110011v110111,0,1,1
678b6f14e9936eb344e4a845,110011v111011,0,0,0
678e459ede7a31176f9d890d,000000v000001,0,0,0
678e459ede7a31176f9d890d,001000v011000,1,1,1
678e459ede7a31176f9d890d,001101v001111,1,1,1
678e459ede7a31176f9d890d,010001v010011,1,1,1
678e459ede7a31176f9d890d,011100v011110,1,1,1
678e459ede7a31176f9d890d,100000v110000,1,1,1
678e459ede7a31176f9d890d,100101v101101,0,0,1
678e459ede7a31176f9d890d,110000v110100,1,1,1
678e459ede7a31176f9d890d,110011v111011,0,0,0
678e459ede7a31176f9d890d,111000v111001,0,0,0
6790ca555dd18d3dff468319,000001v010001,0,0,0
6790ca555dd18d3dff468319,001010v001110,1,1,1
6790ca555dd18d3dff468319,001100v011100,1,1,1
6790ca555dd18d3dff468319,010011v010111,0,0,0
6790ca555dd18d3dff468319,010110v010111,0,0,0
6790ca555dd18d3dff468319,101000v101001,1,1,1
6790ca555dd18d3dff468319,101001v101011,0,0,0
6790ca555dd18d3dff468319,101001v111001,1,1,1
6790ca555dd18d3dff468319,110000v110100,0,0,0
6790ca555dd18d3dff468319,111101v111111,1,1,1
67a507f52decb8dbaacc29e3,000101v010101,1,1,1
67a507f52decb8dbaacc29e3,001001v001011,1,1,1
67a507f52decb8dbaacc29e3,010010v010110,1,1,1
67a507f52decb8dbaacc29e3,010011v011011,1,1,1
67a507f52decb8dbaacc29e3,010100v010101,0,0,0
67a507f52decb8dbaacc29e3,100000v101000,1,1,1
67a507f52decb8dbaacc29e3,100100v100101,0,0,0
67a507f52decb8dbaacc29e3,100110v110110,1,1,1
67a507f52decb8dbaacc29e3,101101v111101,1,1,1
67a507f52decb8dbaacc29e3,110100v111100,0,0,0
67aa9a444dc88e4137cd0a45,000011v010011,1,1,1
67aa9a444dc88e4137cd0a45,000100v000110,1,1,1
67aa9a444dc88e4137cd0a45,001100v001110,1,1,1
67aa9a444dc88e4137cd0a45,010001v010101,1,0,1
67aa9a444dc88e4137cd0a45,100000v100010,1,1,1
67aa9a444dc88e4137cd0a45,100100v101100,0,0,0
67aa9a444dc88e4137cd0a45,100110v100111,1,1,1
67aa9a444dc88e4137cd0a45,110011v110111,1,1,1
67aa9a444dc88e4137cd0a45,110100v110101,1,1,1
67aa9a444dc88e4137cd0a45,111000v111010,1,1,1
67acacf033444654db29a196,010110v011110,1,1,0
67acacf033444654db29a196,010111v011111,0,0,0
67acacf033444654db29a196,011000v011100,1,0,0
67adeb124ea5587ac8afa3ac,000110v001110,0,0,0
67adeb124ea5587ac8afa3ac,001010v001110,0,0,0
67adeb124ea5587ac8afa3ac,010000v010001,1,0,1
67adeb124ea5587ac8afa3ac,010011v010111,0,0,0
67adeb124ea5587ac8afa3ac,010100v011100,1,0,1
67adeb124ea5587ac8afa3ac,100001v101001,1,1,1
67adeb124ea5587ac8afa3ac,110000v111000,0,1,1
67adeb124ea5587ac8afa3ac,110001v110011,1,1,0
67adeb124ea5587ac8afa3ac,110011v110111,1,1,0
67b9ea0f7c1ce0cc342a9b92,001000v001010,1,0,1
67b9ea0f7c1ce0cc342a9b92,001000v011000,1,1,1
67b9ea0f7c1ce0cc342a9b92,001101v011101,1,1,1
67b9ea0f7c1ce0cc342a9b92,011000v011001,0,0,0
67b9ea0f7c1ce0cc342a9b92,011100v011110,1,0,1
67b9ea0f7c1ce0cc342a9b92,100001v100011,1,0,1
67b9ea0f7c1ce0cc342a9b92,100010v100110,1,0,1
67b9ea0f7c1ce0cc342a9b92,100011v110011,0,1,0
67b9ea0f7c1ce0cc342a9b92,110001v110011,1,0,1
67b9ea0f7c1ce0cc342a9b92,110001v111001,1,1,1
67c8be202c626cbbaa030d6c,000010v010010,1,1,1
67c8be202c626cbbaa030d6c,000101v000111,1,1,1
67c8be202c626cbbaa030d6c,000110v010110,1,1,1
67c8be202c626cbbaa030d6c,010000v011000,0,0,0
67c8be202c626cbbaa030d6c,010100v010110,1,1,1
67c8be202c626cbbaa030d6c,100001v101001,1,1,1
67c8be202c626cbbaa030d6c,100101v100111,1,1,1
67c8be202c626cbbaa030d6c,100111v101111,1,1,1
67c8be202c626cbbaa030d6c,101010v111010,1,1,1
67c8be202c626cbbaa030d6c,110000v110010,1,1,1
67cc685deb5f04f1fa1ed641,000000v000010,1,1,1
67cc685deb5f04f1fa1ed641,000100v000110,1,1,1
67cc685deb5f04f1fa1ed641,001000v001001,1,0,0
67cc685deb5f04f1fa1ed641,010010v010011,0,0,0
67cc685deb5f04f1fa1ed641,010100v010110,1,1,1
67cc685deb5f04f1fa1ed641,100000v100010,1,1,1
67cc685deb5f04f1fa1ed641,101100v101110,1,1,1
67cc685deb5f04f1fa1ed641,110000v110100,1,1,1
67cc685deb5f04f1fa1ed641,111001v111011,1,1,1
67cc685deb5f04f1fa1ed641,111100v111101,1,0,0
67cd9cf6fcf63b6ab8f21390,000000v001000,1,0,1
67cd9cf6fcf63b6ab8f21390,001010v011010,0,0,1
67cd9cf6fcf63b6ab8f21390,101111v111111,1,1,1
67cd9cf6fcf63b6ab8f21390,110100v110110,1,0,0
67cd9cf6fcf63b6ab8f21390,111010v111011,1,0,1
67d1712c192894dc4e2c2ee8,000001v001001,1,1,1
67d1712c192894dc4e2c2ee8,000101v010101,0,0,0
67d1712c192894dc4e2c2ee8,000110v000111,1,1,1
67d1712c192894dc4e2c2ee8,001001v011001,1,1,1
67d34cb37287d4934dee886d,000011v010011,1,0,0
67d34cb37287d4934dee886d,010010v010110,1,1,1
67d34cb37287d4934dee886d,010010v011010,1,0,0
67d34cb37287d4934dee886d,011011v011111,1,1,1
67d34cb37287d4934dee886d,100000v100100,1,0,0
67d34cb37287d4934dee886d,100001v100011,0,1,0
67d34cb37287d4934dee886d,110010v110110,1,0,1
67d34cb37287d4934dee886d,111100v111101,0,1,1
67d4aa994ac97e137cc0aeea,001010v011010,1,1,1
67d4aa994ac97e137cc0aeea,001100v011100,1,0,1
67d4aa994ac97e137cc0aeea,010000v010010,0,0,0
67d4aa994ac97e137cc0aeea,011010v011110,1,1,1
67d4aa994ac97e137cc0aeea,011101v011111,1,0,1
67d4aa994ac97e137cc0aeea,100000v100100,0,1,0
67d4aa994ac97e137cc0aeea,100100v100101,0,0,0
67d4aa994ac97e137cc0aeea,100101v101101,0,0,0
67d4aa994ac97e137cc0aeea,101110v101111,1,1,1
67d4aa994ac97e137cc0aeea,110101v110111,0,0,0
67d5c033e2acf64c25e88294,000100v000101,1,0,0
67d5c033e2acf64c25e88294,000100v010100,0,0,0
67d5c033e2acf64c25e88294,001000v001001,0,0,0
67d5c033e2acf64c25e88294,001000v001010,1,0,0
67d5c033e2acf64c25e88294,011001v011101,0,1,1
67d5c033e2acf64c25e88294,100001v110001,1,1,1
67d5c033e2acf64c25e88294,101000v111000,0,1,1
67d5c033e2acf64c25e88294,101001v101011,1,1,1
67d5c033e2acf64c25e88294,101101v101111,1,1,1
67d5c033e2acf64c25e88294,111001v111101,0,1,1
67d70c5dd49be5fc0a758755,001011v011011,0,1,0
67d70c5dd49be5fc0a758755,001100v001101,1,1,1
67d70c5dd49be5fc0a758755,010010v010110,1,1,1
67d70c5dd49be5fc0a758755,010110v011110,0,1,1
67d70c5dd49be5fc0a758755,011010v011110,1,1,1
67d70c5dd49be5fc0a758755,100000v101000,0,0,0
67d70c5dd49be5fc0a758755,100010v110010,1,1,1
67d70c5dd49be5fc0a758755,100100v100110,1,1,1
67d70c5dd49be5fc0a758755,101011v111011,1,1,1
67d70c5dd49be5fc0a758755,110000v111000,0,0,0
67d9e8a1074327b372eb538d,000110v000111,0,0,0
67d9e8a1074327b372eb538d,000111v001111,0,0,0
67d9e8a1074327b372eb538d,001000v011000,1,1,1
67d9e8a1074327b372eb538d,011010v011011,1,1,1
67d9e8a1074327b372eb538d,011101v011111,1,1,1
67d9e8a1074327b372eb538d,101111v111111,1,1,1
67d9e8a1074327b372eb538d,110000v110010,1,1,1
67d9e8a1074327b372eb538d,110110v110111,0,0,0
67d9e8a1074327b372eb538d,110110v111110,0,0,0
67d9e8a1074327b372eb538d,111000v111100,1,1,1
67e2b20be12da665d555064d,000100v000110,1,1,1
67e2b20be12da665d555064d,010010v011010,1,0,0
67e2b20be12da665d555064d,010110v010111,0,0,1
67e2b20be12da665d555064d,011000v011001,0,0,0
67e2b20be12da665d555064d,011000v011010,1,1,1
67e2b20be12da665d555064d,100001v101001,1,1,0
67e2b20be12da665d555064d,100011v110011,0,1,1
67e2b20be12da665d555064d,101000v101001,0,0,1
67e2b20be12da665d555064d,101100v111100,1,1,1
67e2b20be12da665d555064d,111010v111011,1,1,1
67e58fdd13f4a6a894472087,000000v000010,1,0,0
67e58fdd13f4a6a894472087,000010v000011,0,1,0
67e58fdd13f4a6a894472087,001001v001011,1,0,0
67e58fdd13f4a6a894472087,001100v001101,0,0,0
67e58fdd13f4a6a894472087,001100v001110,1,0,1
67e58fdd13f4a6a894472087,100100v110100,1,0,1
67e58fdd13f4a6a894472087,101010v101110,1,0,0
67e58fdd13f4a6a894472087,101100v111100,1,1,1
67e58fdd13f4a6a894472087,110010v110110,0,0,0
67e58fdd13f4a6a894472087,110100v111100,0,1,1
67e9f5c8972a4be47457bbe1,000010v000011,0,1,0
67e9f5c8972a4be47457bbe1,001111v011111,1,1,1
67e9f5c8972a4be47457bbe1,010000v010100,1,1,1
67e9f5c8972a4be47457bbe1,010010v010110,0,0,1
67e9f5c8972a4be47457bbe1,010101v010111,0,0,1
67e9f5c8972a4be47457bbe1,100000v110000,1,1,1
67e9f5c8972a4be47457bbe1,100011v100111,1,1,1
67e9f5c8972a4be47457bbe1,100101v100111,1,0,1
67e9f5c8972a4be47457bbe1,110000v110001,0,0,0
67e9f5c8972a4be47457bbe1,110100v110110,1,1,0
67ea62e9718f553d22141a4f,000101v010101,0,1,0
67ea62e9718f553d22141a4f,000110v000111,0,0,0
67ea62e9718f553d22141a4f,010001v010011,0,0,0
67ea62e9718f553d22141a4f,010001v011001,0,0,0
67ea62e9718f553d22141a4f,010110v010111,0,0,0
67ea62e9718f553d22141a4f,100000v110000,1,1,1
67ea62e9718f553d22141a4f,100001v100101,0,0,0
67ea62e9718f553d22141a4f,100011v100111,1,1,1
67ea62e9718f553d22141a4f,110000v110100,0,0,0
67ea62e9718f553d22141a4f,111010v111011,1,1,1
67eac4d6bf3d1c4df7bd65df,000000v001000,1,1,1
67eac4d6bf3d1c4df7bd65df,000001v000011,1,1,1
67eac4d6bf3d1c4df7bd65df,000001v010001,1,1,1
67eac4d6bf3d1c4df7bd65df,000010v000011,0,1,0
67eac4d6bf3d1c4df7bd65df,000010v010010,1,1,1
67eac4d6bf3d1c4df7bd65df,100001v100101,0,0,0
67eac4d6bf3d1c4df7bd65df,100101v100111,1,1,1
67eac4d6bf3d1c4df7bd65df,100110v110110,1,1,1
67eac4d6bf3d1c4df7bd65df,101010v101011,0,0,0
67eac4d6bf3d1c4df7bd65df,110101v111101,0,0,0
67ec2ee26b7a8e18b2f9db17,000001v000101,1,0,1
67ec2ee26b7a8e18b2f9db17,000001v010001,0,1,1
67ec2ee26b7a8e18b2f9db17,000101v010101,0,1,0
67ec2ee26b7a8e18b2f9db17,001001v001011,1,0,1
67ec2ee26b7a8e18b2f9db17,001100v001110,1,1,0
67ec2ee26b7a8e18b2f9db17,100000v101000,1,0,0
67ec2ee26b7a8e18b2f9db17,100100v101100,1,0,0
67ec2ee26b7a8e18b2f9db17,101000v101100,0,1,1
67ec2ee26b7a8e18b2f9db17,110000v110100,0,1,1
67ec2ee26b7a8e18b2f9db17,111010v111011,0,0,0
67f09ad02524e8b1d810e0a4,000100v001100,0,0,0
67f09ad02524e8b1d810e0a4,001100v001110,1,1,1
67f09ad02524e8b1d810e0a4,010000v011000,1,0,1
67f09ad02524e8b1d810e0a4,010001v010011,1,0,0
67f09ad02524e8b1d810e0a4,010010v011010,1,1,1
67f09ad02524e8b1d810e0a4,100011v110011,0,1,0
67f09ad02524e8b1d810e0a4,100100v110100,1,0,1
67f09ad02524e8b1d810e0a4,110000v110001,0,1,0
67f09ad02524e8b1d810e0a4,110100v111100,0,0,0
67f09ad02524e8b1d810e0a4,111110v111111,1,0,1
67f18f78356ff38124711038,000000v000001,1,1,0
67f18f78356ff38124711038,001011v011011,1,1,1
67f18f78356ff38124711038,001110v011110,0,0,0
67f18f78356ff38124711038,010100v010101,1,0,1
67f18f78356ff38124711038,100011v110011,1,0,0
67f18f78356ff38124711038,101101v101111,1,1,1
67fbf5834e1fe4456de15062,000001v001001,0,0,0
67fbf5834e1fe4456de15062,000101v001101,1,1,1
67fbf5834e1fe4456de15062,001101v001111,1,1,1
67fbf5834e1fe4456de15062,010001v010011,1,1,1
67fbf5834e1fe4456de15062,011011v011111,1,1,1
67fbf5834e1fe4456de15062,100010v100011,0,0,0
67fbf5834e1fe4456de15062,100111v110111,1,1,1
67fbf5834e1fe4456de15062,101011v101111,1,1,1
67fbf5834e1fe4456de15062,110001v110101,1,1,1
67fbf5834e1fe4456de15062,110110v110111,0,0,0
67fd46db088825e305648e1a,000101v010101,1,1,1
67fd46db088825e305648e1a,001010v001110,1,1,1
67fd46db088825e305648e1a,010001v010011,0,1,1
67fd46db088825e305648e1a,010110v010111,1,0,0
67fd46db088825e305648e1a,011000v011010,0,0,0
67fd46db088825e305648e1a,100010v100011,0,1,0
67fd46db088825e305648e1a,100110v110110,1,1,1
67fd46db088825e305648e1a,101001v101011,1,0,0
67fd46db088825e305648e1a,110001v110011,1,1,0
67fd46db088825e305648e1a,111011v111111,0,0,0
68267b107b6b28aa4b339ae9,000011v001011,1,0,0
68267b107b6b28aa4b339ae9,001010v001011,0,1,0
68267b107b6b28aa4b339ae9,001110v001111,0,0,0
68267b107b6b28aa4b339ae9,010000v010010,1,1,1
68267b107b6b28aa4b339ae9,010110v010111,0,0,0
68267b107b6b28aa4b339ae9,100001v100101,0,1,0
68267b107b6b28aa4b339ae9,100100v110100,1,1,1
68267b107b6b28aa4b339ae9,101000v111000,1,1,1
68267b107b6b28aa4b339ae9,110000v110100,1,1,1
68267b107b6b28aa4b339ae9,110010v110011,0,1,1
6826a954abf6527a7a70f19f,000110v000111,1,1,1
6826a954abf6527a7a70f19f,001001v001101,1,1,1
6826a954abf6527a7a70f19f,001010v011010,1,1,1
6826a954abf6527a7a70f19f,011101v011111,1,1,1
6826a954abf6527a7a70f19f,100110v100111,0,0,0
6826a954abf6527a7a70f19f,100110v110110,0,0,0
6826a954abf6527a7a70f19f,101010v101110,0,0,0
6826a954abf6527a7a70f19f,101100v111100,1,1,1
6826a954abf6527a7a70f19f,110010v110110,1,1,1
6826a954abf6527a7a70f19f,110100v110110,1,1,1
6826ef3f8068b3697bfe9396,001100v001101,0,0,0
6826ef3f8068b3697bfe9396,010100v011100,0,0,0
6826ef3f8068b3697bfe9396,010101v011101,0,0,0
6826ef3f8068b3697bfe9396,011001v011101,0,0,0
6826ef3f8068b3697bfe9396,011100v011101,0,0,0
6826ef3f8068b3697bfe9396,100110v110110,1,1,1
6826ef3f8068b3697bfe9396,101000v111000,1,1,1
6826ef3f8068b3697bfe9396,101001v111001,1,1,1
6826ef3f8068b3697bfe9396,110001v110011,1,1,1
6826ef3f8068b3697bfe9396,110101v110111,1,1,1
6828d072a3dcfd439685b984,000010v001010,0,0,0
6828d072a3dcfd439685b984,001000v001010,1,1,1
6828d072a3dcfd439685b984,001110v011110,1,1,1
6828d072a3dcfd439685b984,010000v010001,0,0,0
6828d072a3dcfd439685b984,010110v011110,1,1,1
6828d072a3dcfd439685b984,100101v110101,0,1,1
682985bebb62d4ca65616356,001011v001111,0,0,1
682985bebb62d4ca65616356,001100v001101,1,1,1
682985bebb62d4ca65616356,001111v011111,1,1,1
682985bebb62d4ca65616356,011001v011101,0,1,0
682985bebb62d4ca65616356,011011v011111,0,1,1
682985bebb62d4ca65616356,101001v101011,1,1,1
682985bebb62d4ca65616356,110100v110110,1,0,1
682985bebb62d4ca65616356,110110v111110,0,1,0
682a066004d79a4c4319639c,000001v000101,1,1,0
682a066004d79a4c4319639c,000100v010100,0,1,1
682a066004d79a4c4319639c,000110v000111,1,0,0
682a066004d79a4c4319639c,011010v011110,0,1,1
682a066004d79a4c4319639c,011101v011111,1,1,0
682a066004d79a4c4319639c,100010v100110,0,0,0
682ac1b6669fa157b2399b41,001000v001001,0,0,0
682ac1b6669fa157b2399b41,001001v001101,0,0,0
682ac1b6669fa157b2399b41,001010v011010,1,1,1
682ac1b6669fa157b2399b41,010101v011101,1,1,1
682ac1b6669fa157b2399b41,010111v011111,0,0,0
682ac1b6669fa157b2399b41,100001v110001,1,1,1
682ac1b6669fa157b2399b41,100110v101110,1,1,1
682ac1b6669fa157b2399b41,101110v101111,0,0,0
682ac1b6669fa157b2399b41,111000v111010,1,1,1
682ac1b6669fa157b2399b41,111110v111111,0,0,0
682cc145c3109c0dde100bc5,001100v001101,0,0,0
682cc145c3109c0dde100bc5,010011v010111,0,0,0
682cc145c3109c0dde100bc5,011001v011101,1,1,1
682cc145c3109c0dde100bc5,011010v011011,0,1,0
682cc145c3109c0dde100bc5,011110v011111,0,0,0
682cc145c3109c0dde100bc5,100101v110101,1,1,1
682cc145c3109c0dde100bc5,101011v101111,1,1,1
682cc145c3109c0dde100bc5,101011v111011,1,1,1
682cc145c3109c0dde100bc5,110010v110110,1,1,1
682cc145c3109c0dde100bc5,111001v111101,1,1,1
682cd4f87a661056730a3da7,010011v011011,1,1,1
682cd4f87a661056730a3da7,010101v010111,1,1,0
682cdf5a7aa895fa55e46a2b,000001v000011,1,1,1
682cdf5a7aa895fa55e46a2b,000001v010001,1,1,0
682cdf5a7aa895fa55e46a2b,001011v001111,1,1,1
682cdf5a7aa895fa55e46a2b,001111v011111,0,0,0
682cdf5a7aa895fa55e46a2b,011001v011101,1,1,1
682cdf5a7aa895fa55e46a2b,100000v101000,0,0,1
682cdf5a7aa895fa55e46a2b,100101v100111,1,1,1
682cdf5a7aa895fa55e46a2b,101000v101010,1,1,1
682cdf5a7aa895fa55e46a2b,101010v101011,0,0,1
682cdf5a7aa895fa55e46a2b,101111v111111,0,0,0
682ce5b3691f26ac9cd1afd2,000001v010001,1,1,0
682ce5b3691f26ac9cd1afd2,001001v001011,1,0,1
682ce5b3691f26ac9cd1afd2,001010v001110,1,0,1
682ce5b3691f26ac9cd1afd2,010000v011000,1,0,0
682ce5b3691f26ac9cd1afd2,010001v010101,1,0,1
682ce5b3691f26ac9cd1afd2,100100v100101,1,0,1
682ce5b3691f26ac9cd1afd2,100100v100110,1,1,1
682ce5b3691f26ac9cd1afd2,110000v110001,1,0,1
682ce5b3691f26ac9cd1afd2,110100v111100,0,1,0
682ce5b3691f26ac9cd1afd2,110110v111110,0,0,1
682d013fe5f406da883abb0b,000010v010010,1,0,1
682d013fe5f406da883abb0b,000100v010100,1,0,1
682d013fe5f406da883abb0b,001001v001101,1,1,0
682d013fe5f406da883abb0b,001010v011010,1,1,1
682d013fe5f406da883abb0b,010101v010111,1,1,1
682d013fe5f406da883abb0b,101010v101110,1,0,0
682d013fe5f406da883abb0b,101100v101101,1,0,0
682d013fe5f406da883abb0b,101110v101111,0,0,1
682d013fe5f406da883abb0b,110100v110101,1,0,0
682d013fe5f406da883abb0b,110101v111101,1,0,1
682d114e29818c12f02ec5f2,000001v000101,1,0,0
682d114e29818c12f02ec5f2,001001v001011,0,1,0
682d114e29818c12f02ec5f2,001010v011010,0,0,0
682d114e29818c12f02ec5f2,001100v001110,1,1,1
682d114e29818c12f02ec5f2,010010v010011,0,1,0
682d114e29818c12f02ec5f2,100111v110111,1,0,0
682d114e29818c12f02ec5f2,110000v110001,1,1,1
682d114e29818c12f02ec5f2,110011v110111,0,1,0
682d26c5ad00fe7a871dbcf6,000010v010010,1,1,1
682d26c5ad00fe7a871dbcf6,000111v001111,0,0,0
682d26c5ad00fe7a871dbcf6,001001v001011,0,0,0
682d26c5ad00fe7a871dbcf6,010000v011000,1,1,1
682d26c5ad00fe7a871dbcf6,011100v011101,0,1,0
682d26c5ad00fe7a871dbcf6,100100v100101,1,1,1
682d26c5ad00fe7a871dbcf6,100100v110100,0,0,0
682d26c5ad00fe7a871dbcf6,101111v111111,1,1,1
682d26c5ad00fe7a871dbcf6,110000v110100,1,1,1
682d26c5ad00fe7a871dbcf6,111110v111111,0,0,0
682d848ac20a51839952fb4b,001110v001111,1,0,0
682d848ac20a51839952fb4b,010000v011000,1,0,1
682d848ac20a51839952fb4b,010010v010110,0,1,0
682d848ac20a51839952fb4b,010011v010111,0,1,1
682d848ac20a51839952fb4b,100100v100101,0,0,0
682d848ac20a51839952fb4b,100101v110101,1,1,0
682d848ac20a51839952fb4b,101101v101111,0,1,0
682d848ac20a51839952fb4b,101110v111110,0,0,0
682d848ac20a51839952fb4b,110100v110110,0,1,0
682e04457533f40df7cbeb33,000110v001110,0,0,0
682e04457533f40df7cbeb33,001010v001011,0,0,1
682e04457533f40df7cbeb33,001100v011100,1,1,1
682e04457533f40df7cbeb33,011000v011100,0,0,0
682e04457533f40df7cbeb33,011101v011111,1,1,1
682e04457533f40df7cbeb33,100000v110000,1,1,1
682e04457533f40df7cbeb33,100001v100101,0,0,0
682e04457533f40df7cbeb33,100101v110101,0,1,1
682e04457533f40df7cbeb33,110010v110110,1,1,1
682e04457533f40df7cbeb33,111110v111111,0,0,0
682e253fb4fc053956ae3086,000001v001001,0,0,0
682e253fb4fc053956ae3086,000010v000110,1,1,1
682e253fb4fc053956ae3086,000011v000111,1,1,1
682e253fb4fc053956ae3086,000110v001110,1,0,0
682e253fb4fc053956ae3086,001011v001111,1,1,1
682e253fb4fc053956ae3086,100100v101100,1,0,0
682e253fb4fc053956ae3086,101001v101011,1,1,1
682e253fb4fc053956ae3086,101001v111001,1,1,1
682e253fb4fc053956ae3086,110010v110011,0,0,0
682e253fb4fc053956ae3086,111110v111111,0,0,0
682f5406251423201b2be713,000000v000010,0,0,0
682f5406251423201b2be713,000101v001101,1,1,1
682f5406251423201b2be713,001111v011111,0,0,0
682f5406251423201b2be713,010000v010010,0,0,0
682f5406251423201b2be713,011010v011011,0,0,0
682f5406251423201b2be713,101001v101101,1,1,1
682f5406251423201b2be713,101100v101101,0,0,0
682f5406251423201b2be713,110000v110001,0,0,0
682f5406251423201b2be713,110100v110101,0,0,0
682f5406251423201b2be713,111011v111111,1,1,1
682f5d72ef317a852db10a5d,000000v000010,1,1,1
682f5d72ef317a852db10a5d,000100v000101,0,0,0
682f5d72ef317a852db10a5d,000110v000111,1,1,1
682f5d72ef317a852db10a5d,000111v001111,0,0,0
682f5d72ef317a852db10a5d,010001v010011,1,1,1
682f5d72ef317a852db10a5d,100000v100010,1,1,1
682f5d72ef317a852db10a5d,100010v101010,0,0,0
682f5d72ef317a852db10a5d,101110v111110,1,1,1
682f5d72ef317a852db10a5d,110100v110110,1,1,1
682f5d72ef317a852db10a5d,111000v111010,1,1,1
682fc9e77ae4d357da67aa37,001011v011011,0,0,1
682fc9e77ae4d357da67aa37,010001v010101,0,1,1
682fc9e77ae4d357da67aa37,101010v111010,0,0,1
682fc9e77ae4d357da67aa37,101100v101110,0,1,1
6830cd872910049f54995ce1,001100v011100,1,1,1
6830cd872910049f54995ce1,001101v001111,1,1,1
6830cd872910049f54995ce1,010010v011010,1,1,0
6830cd872910049f54995ce1,011011v011111,1,0,1
6830cd872910049f54995ce1,100000v100001,1,1,1
6830cd872910049f54995ce1,100110v100111,0,1,1
6830cd872910049f54995ce1,110111v111111,1,0,1
6830e26106c81dddbab407f0,000000v000001,1,0,0
6830e26106c81dddbab407f0,000010v000011,0,0,0
6830e26106c81dddbab407f0,000010v000110,0,1,1
6830e26106c81dddbab407f0,001000v001010,1,1,1
6830e26106c81dddbab407f0,001101v001111,1,1,1
6830e26106c81dddbab407f0,100000v100100,0,0,1
6830e26106c81dddbab407f0,100010v110010,1,1,1
6830e26106c81dddbab407f0,100110v101110,0,0,0
6830e26106c81dddbab407f0,101101v111101,1,1,1
6830e26106c81dddbab407f0,111100v111101,0,1,0
683125f13f58fd063987dcdd,000001v001001,0,0,0
683125f13f58fd063987dcdd,000011v001011,1,1,1
683125f13f58fd063987dcdd,001100v001101,0,1,0
683125f13f58fd063987dcdd,010001v010101,0,1,1
683125f13f58fd063987dcdd,011101v011111,1,1,1
683125f13f58fd063987dcdd,100010v110010,1,0,1
683125f13f58fd063987dcdd,100011v101011,0,1,1
683125f13f58fd063987dcdd,110000v110010,0,0,1
683125f13f58fd063987dcdd,110010v110110,1,1,1
683125f13f58fd063987dcdd,110011v111011,1,1,1
683214124fc81b527be7698a,000001v000101,1,1,1
683214124fc81b527be7698a,000100v010100,1,1,1
683214124fc81b527be7698a,001110v011110,1,1,1
683214124fc81b527be7698a,010000v010100,1,1,1
683214124fc81b527be7698a,010101v011101,0,0,1
683214124fc81b527be7698a,100010v110010,1,1,1
683214124fc81b527be7698a,100101v101101,0,0,0
683214124fc81b527be7698a,100110v110110,1,1,1
683214124fc81b527be7698a,110001v110011,1,1,1
683214124fc81b527be7698a,111000v111010,1,1,1
68334e7ff7983574f4625769,000000v000100,1,0,1
68334e7ff7983574f4625769,000000v001000,1,1,1
68334e7ff7983574f4625769,001100v001110,1,0,1
68334e7ff7983574f4625769,010000v010100,1,1,0
68334e7ff7983574f4625769,010100v010101,0,1,0
68334e7ff7983574f4625769,100000v100001,1,1,1
68334e7ff7983574f4625769,100101v101101,1,0,1
68334e7ff7983574f4625769,100111v110111,1,1,1
68334e7ff7983574f4625769,110001v110011,0,1,1
68334e7ff7983574f4625769,111000v111010,1,1,1
683353ce36d79ae8a325c1a3,000011v001011,1,1,1
683353ce36d79ae8a325c1a3,000100v010100,1,1,1
683353ce36d79ae8a325c1a3,001001v011001,0,0,0
683353ce36d79ae8a325c1a3,001101v001111,1,1,1
683353ce36d79ae8a325c1a3,100000v100010,0,0,0
683353ce36d79ae8a325c1a3,110000v110100,0,0,0
683353ce36d79ae8a325c1a3,111000v111010,0,0,0
683353ce36d79ae8a325c1a3,111010v111011,0,0,0
68337aedd4a04db086c76927,000000v010000,0,0,1
68337aedd4a04db086c76927,000010v000011,0,0,1
68337aedd4a04db086c76927,000010v000110,0,1,1
68337aedd4a04db086c76927,000100v000110,0,1,1
68337aedd4a04db086c76927,010000v011000,0,1,1
68337aedd4a04db086c76927,100111v110111,1,0,0
68337aedd4a04db086c76927,110101v110111,1,0,0
68337aedd4a04db086c76927,111000v111001,0,0,0
6835127360b14e6f841e6eee,000001v000011,1,1,1
6835127360b14e6f841e6eee,000100v000101,0,0,0
6835127360b14e6f841e6eee,010010v010110,1,0,1
6835127360b14e6f841e6eee,010010v011010,1,1,1
6835127360b14e6f841e6eee,011001v011011,1,1,1
6835127360b14e6f841e6eee,100100v100101,0,0,0
6835127360b14e6f841e6eee,100111v101111,1,1,1
6835127360b14e6f841e6eee,101010v111010,1,1,1
6835127360b14e6f841e6eee,110001v111001,1,1,1
6835127360b14e6f841e6eee,110010v110110,0,0,0
683522b3a924effe3bbf002d,000000v000010,1,1,1
683522b3a924effe3bbf002d,000101v010101,1,1,1
683522b3a924effe3bbf002d,001011v001111,1,1,1
683522b3a924effe3bbf002d,010011v010111,1,1,1
683522b3a924effe3bbf002d,010111v011111,0,0,0
683522b3a924effe3bbf002d,100000v100100,1,1,1
683522b3a924effe3bbf002d,100001v110001,0,0,0
683522b3a924effe3bbf002d,110001v110101,1,1,1
683522b3a924effe3bbf002d,110010v110011,1,1,1
683522b3a924effe3bbf002d,110010v110110,1,1,1
6835366980772e13a3c4a33a,000000v001000,1,1,1
6835366980772e13a3c4a33a,000001v010001,1,1,1
6835366980772e13a3c4a33a,001010v001110,1,1,1
6835366980772e13a3c4a33a,010100v011100,1,1,1
6835366980772e13a3c4a33a,011100v011101,1,1,1
6835366980772e13a3c4a33a,110110v111110,0,0,1
6835366980772e13a3c4a33a,111000v111001,1,1,1
68354fb74c288c4a1c393869,000100v000101,1,1,1
68354fb74c288c4a1c393869,000110v000111,0,0,0
68354fb74c288c4a1c393869,001000v001001,1,1,1
68354fb74c288c4a1c393869,001010v001110,0,0,0
68354fb74c288c4a1c393869,010011v011011,0,0,0
68354fb74c288c4a1c393869,100011v100111,1,1,1
68354fb74c288c4a1c393869,100011v101011,1,1,1
68354fb74c288c4a1c393869,100100v101100,1,1,1
68354fb74c288c4a1c393869,101110v111110,1,1,1
68354fb74c288c4a1c393869,110000v110100,1,1,1
6835d1652e9c079863b499f6,000000v000100,1,1,1
6835d1652e9c079863b499f6,000111v010111,1,1,1
6835d1652e9c079863b499f6,001011v011011,1,1,1
6835d1652e9c079863b499f6,010001v010101,1,1,1
6835d1652e9c079863b499f6,011010v011011,0,0,0
6835d1652e9c079863b499f6,101010v101011,0,0,0
6835d1652e9c079863b499f6,110000v110001,0,0,0
6835d1652e9c079863b499f6,110010v111010,1,1,1
6835d1652e9c079863b499f6,110100v110101,1,1,1
6835d1652e9c079863b499f6,111100v111110,1,1,1
68360d53a50cd7cb7c2dfeb2,000000v010000,0,1,0
68360d53a50cd7cb7c2dfeb2,000011v001011,0,1,0
68360d53a50cd7cb7c2dfeb2,001000v011000,1,1,1
68360d53a50cd7cb7c2dfeb2,011010v011110,0,1,1
68360d53a50cd7cb7c2dfeb2,011100v011101,1,0,0
68360d53a50cd7cb7c2dfeb2,100001v101001,1,1,1
68360d53a50cd7cb7c2dfeb2,100110v101110,1,1,1
68360d53a50cd7cb7c2dfeb2,101100v101101,0,1,0
68360d53a50cd7cb7c2dfeb2,101110v101111,0,0,0
68360d53a50cd7cb7c2dfeb2,110000v110100,1,0,1
6836342d1e880eae3278a87e,000000v000100,0,0,0
6836342d1e880eae3278a87e,000000v010000,1,1,1
6836342d1e880eae3278a87e,000100v000101,0,0,0
6836342d1e880eae3278a87e,001101v011101,0,0,0
6836342d1e880eae3278a87e,001111v011111,1,1,1
6836342d1e880eae3278a87e,110010v110110,0,0,0
6836342d1e880eae3278a87e,110100v110110,1,1,1
6836342d1e880eae3278a87e,111101v111111,0,0,0
683667d92d0bfb2cf3f5c7a6,001100v001110,1,1,1
683667d92d0bfb2cf3f5c7a6,001100v011100,1,1,1
683667d92d0bfb2cf3f5c7a6,010001v011001,0,0,0
683667d92d0bfb2cf3f5c7a6,011010v011110,1,1,1
683667d92d0bfb2cf3f5c7a6,011101v011111,1,1,1
683667d92d0bfb2cf3f5c7a6,100011v101011,1,1,1
683667d92d0bfb2cf3f5c7a6,100110v110110,1,1,1
683667d92d0bfb2cf3f5c7a6,100111v110111,1,1,1
683667d92d0bfb2cf3f5c7a6,101000v101010,1,1,1
683667d92d0bfb2cf3f5c7a6,110010v110110,1,1,1
68369793196a6f8760f9a3ac,000001v010001,0,1,1
68369793196a6f8760f9a3ac,000101v001101,1,1,0
68369793196a6f8760f9a3ac,000110v001110,0,0,1
68369793196a6f8760f9a3ac,010101v010111,0,1,1
68369793196a6f8760f9a3ac,100111v101111,1,1,0
68369793196a6f8760f9a3ac,101010v101011,1,0,1
68369793196a6f8760f9a3ac,110011v110111,1,1,1
68369793196a6f8760f9a3ac,111000v111100,1,1,0
68369793196a6f8760f9a3ac,111001v111101,1,1,0
68376c52ffb5075f5976053a,000001v000011,1,1,1
68376c52ffb5075f5976053a,000101v001101,1,1,1
68376c52ffb5075f5976053a,010100v010110,1,1,0
68376c52ffb5075f5976053a,011010v011110,0,1,1
68376c52ffb5075f5976053a,100101v100111,0,0,1
68376c52ffb5075f5976053a,110101v111101,1,0,0
68376c52ffb5075f5976053a,111010v111011,0,0,0
68376c52ffb5075f5976053a,111011v111111,1,1,1
6838b02d3ba617905dab5fa7,000010v010010,1,1,1
6838b02d3ba617905dab5fa7,000101v010101,1,1,1
6838b02d3ba617905dab5fa7,001001v001011,1,1,1
6838b02d3ba617905dab5fa7,001010v001011,1,1,1
6838b02d3ba617905dab5fa7,010111v011111,1,1,1
6838b02d3ba617905dab5fa7,100000v110000,1,0,1
6838b02d3ba617905dab5fa7,100100v110100,1,0,1
6838b02d3ba617905dab5fa7,101010v101011,0,1,1
6838b02d3ba617905dab5fa7,101010v111010,0,0,1
6838b02d3ba617905dab5fa7,110001v111001,1,1,1
6838b6e648a361a89a734c10,000110v010110,1,0,1
6838b6e648a361a89a734c10,001001v011001,1,1,1
6838b6e648a361a89a734c10,001100v011100,1,1,1
6838b6e648a361a89a734c10,011000v011010,1,1,1
6838b6e648a361a89a734c10,011010v011110,1,0,1
6838b6e648a361a89a734c10,101010v101011,0,0,0
6838b6e648a361a89a734c10,101010v101110,1,0,1
6838b6e648a361a89a734c10,110000v110001,0,0,0
6838b6e648a361a89a734c10,110011v110111,1,0,1
6838b6e648a361a89a734c10,111100v111101,0,0,0
6838b97da46a62000b1ead6e,000000v001000,1,0,1
6838b97da46a62000b1ead6e,000001v000101,1,0,1
6838b97da46a62000b1ead6e,000010v001010,0,0,0
6838b97da46a62000b1ead6e,000101v001101,1,0,1
6838b97da46a62000b1ead6e,011000v011010,1,0,1
6838b97da46a62000b1ead6e,100010v100011,0,0,0
6838b97da46a62000b1ead6e,101100v101101,0,0,0
6838b97da46a62000b1ead6e,110000v110010,1,0,1
6838b97da46a62000b1ead6e,110001v110011,1,0,1
6838b97da46a62000b1ead6e,110010v110011,0,0,0
6838bf09c0e78e90e12c6611,000001v000101,0,0,0
6838bf09c0e78e90e12c6611,000100v010100,0,0,1
6838bf09c0e78e90e12c6611,000111v010111,1,1,1
6838bf09c0e78e90e12c6611,001100v001110,1,1,1
6838bf09c0e78e90e12c6611,001110v011110,0,0,0
6838bf09c0e78e90e12c6611,100000v100001,1,1,1
6838bf09c0e78e90e12c6611,100001v100101,0,1,1
6838bf09c0e78e90e12c6611,101000v111000,1,1,1
6838bf09c0e78e90e12c6611,101100v111100,1,1,1
6838bf09c0e78e90e12c6611,111000v111010,1,1,1
6838dea05d64a39675c02a59,000100v000110,1,1,1
6838dea05d64a39675c02a59,001001v001101,0,0,0
6838dea05d64a39675c02a59,001010v001110,1,1,1
6838dea05d64a39675c02a59,101000v101100,1,1,1
6838dea05d64a39675c02a59,110001v111001,1,1,1
68393ac0ab1ff7d7a62887ad,000000v010000,0,0,1
68393ac0ab1ff7d7a62887ad,000100v001100,1,1,1
68393ac0ab1ff7d7a62887ad,001000v001100,1,0,0
68393ac0ab1ff7d7a62887ad,001111v011111,1,0,0
68393ac0ab1ff7d7a62887ad,010100v010101,1,1,1
68393ac0ab1ff7d7a62887ad,101011v111011,1,0,0
68393ac0ab1ff7d7a62887ad,101100v111100,1,0,1
68393ac0ab1ff7d7a62887ad,111010v111110,0,0,0
683b0eb001a2d691a11b1c63,000000v000010,0,1,0
683b0eb001a2d691a11b1c63,000011v010011,1,1,1
683b0eb001a2d691a11b1c63,000101v000111,0,1,0
683b0eb001a2d691a11b1c63,010100v011100,0,0,0
683b0eb001a2d691a11b1c63,011001v011011,0,0,0
683b0eb001a2d691a11b1c63,110000v110001,0,0,0
683b0eb001a2d691a11b1c63,110000v110010,1,1,0
683b0eb001a2d691a11b1c63,110101v111101,0,0,0
683b0eb001a2d691a11b1c63,111010v111011,0,0,1
683b0eb001a2d691a11b1c63,111110v111111,1,1,1
683c620fb9da9979283dcdec,000010v001010,0,0,0
683c620fb9da9979283dcdec,000011v000111,1,1,1
683c620fb9da9979283dcdec,000110v010110,0,0,0
683c620fb9da9979283dcdec,010100v010110,1,1,1
683c620fb9da9979283dcdec,010101v011101,0,0,0
683c620fb9da9979283dcdec,100001v110001,0,0,0
683c620fb9da9979283dcdec,100010v100110,1,1,1
683c620fb9da9979283dcdec,101001v111001,1,1,1
683c620fb9da9979283dcdec,110100v110101,1,1,1
683c620fb9da9979283dcdec,111000v111001,1,1,1
683cb082415c735de66f35c6,001101v001111,0,0,1
683cb082415c735de66f35c6,010001v010011,0,1,0
683ce86365da3a5e829e1fe8,000101v001101,1,1,1
683ce86365da3a5e829e1fe8,000101v010101,0,1,1
683ce86365da3a5e829e1fe8,000110v010110,0,1,0
683ce86365da3a5e829e1fe8,000111v010111,0,1,1
683ce86365da3a5e829e1fe8,011000v011001,0,0,0
683ce86365da3a5e829e1fe8,100101v110101,0,1,1
683ce86365da3a5e829e1fe8,101011v111011,1,1,0
683ce86365da3a5e829e1fe8,110101v111101,1,1,1
683ce86365da3a5e829e1fe8,110110v110111,1,0,1
683ce86365da3a5e829e1fe8,111100v111101,1,1,0
683decac475fe0b9b1e79e58,000011v000111,1,1,1
683decac475fe0b9b1e79e58,001110v001111,0,0,0
683decac475fe0b9b1e79e58,010001v010101,1,1,1
683decac475fe0b9b1e79e58,010100v010110,0,0,0
683decac475fe0b9b1e79e58,100101v110101,1,1,1
683decac475fe0b9b1e79e58,100110v100111,1,1,1
683decac475fe0b9b1e79e58,101011v111011,1,1,1
683decac475fe0b9b1e79e58,101110v101111,0,0,0
683decac475fe0b9b1e79e58,110010v110011,0,0,0
683decac475fe0b9b1e79e58,111011v111111,1,1,1
683df46689997f6f8464640d,000001v000011,1,0,1
683df46689997f6f8464640d,000010v001010,1,1,1
683df46689997f6f8464640d,001100v001110,1,0,1
683df46689997f6f8464640d,010100v010110,0,0,0
683df46689997f6f8464640d,011110v011111,0,0,0
683df46689997f6f8464640d,100001v100011,0,1,1
683df46689997f6f8464640d,100001v101001,1,0,1
683df46689997f6f8464640d,100010v101010,1,1,1
683df46689997f6f8464640d,100110v110110,1,0,0
683df46689997f6f8464640d,111000v111001,0,1,0
683e13af41f9dc72801b4751,000011v000111,1,0,0
683e13af41f9dc72801b4751,000101v010101,1,1,1
683e13af41f9dc72801b4751,000111v010111,1,1,1
683e13af41f9dc72801b4751,010010v010110,0,1,1
683e13af41f9dc72801b4751,011001v011101,0,0,0
683e13af41f9dc72801b4751,100101v101101,1,1,1
683e13af41f9dc72801b4751,101101v111101,0,0,1
683e13af41f9dc72801b4751,110000v110001,0,0,0
683e13af41f9dc72801b4751,110110v110111,1,1,0
683e23aee0b3378fa1254b1a,000011v010011,1,1,1
683e23aee0b3378fa1254b1a,000100v000110,1,1,1
683e23aee0b3378fa1254b1a,001001v011001,1,1,1
683e23aee0b3378fa1254b1a,011010v011011,0,0,0
683e23aee0b3378fa1254b1a,100001v100011,0,0,0
683e23aee0b3378fa1254b1a,100010v101010,1,1,1
683e23aee0b3378fa1254b1a,100110v100111,0,0,0
683e23aee0b3378fa1254b1a,110001v110101,0,1,0
683e23aee0b3378fa1254b1a,110100v111100,1,1,1
683e23aee0b3378fa1254b1a,110110v111110,1,0,1
683f6c3dce829d044763dc82,000010v001010,0,1,1
683f9cd0caffa2a9c37df1a1,000100v000110,1,1,1
683f9cd0caffa2a9c37df1a1,000110v001110,0,0,0
683f9cd0caffa2a9c37df1a1,000111v001111,0,0,0
683f9cd0caffa2a9c37df1a1,001001v011001,1,1,1
683f9cd0caffa2a9c37df1a1,011010v011110,1,1,1
683f9cd0caffa2a9c37df1a1,100000v100010,1,1,1
683f9cd0caffa2a9c37df1a1,100100v100101,0,0,0
683f9cd0caffa2a9c37df1a1,101010v101110,1,1,1
683f9cd0caffa2a9c37df1a1,101111v111111,1,1,1
683f9cd0caffa2a9c37df1a1,110101v110111,1,1,1
683fb4226b0e0176b6f57d71,001101v001111,1,1,1
683fb4226b0e0176b6f57d71,011000v011100,1,0,0
683fb4226b0e0176b6f57d71,011001v011101,0,1,1
683fb4226b0e0176b6f57d71,100101v110101,0,0,1
683fbddb583d9944e4d71c49,000001v001001,1,1,1
683fbddb583d9944e4d71c49,000010v000011,0,0,0
683fbddb583d9944e4d71c49,001000v001100,1,1,1
683fbddb583d9944e4d71c49,001111v011111,0,0,0
683fbddb583d9944e4d71c49,011100v011110,1,1,1
683fbddb583d9944e4d71c49,100000v100010,1,1,1
683fbddb583d9944e4d71c49,100001v100101,0,0,0
683fbddb583d9944e4d71c49,100010v110010,1,1,1
683fbddb583d9944e4d71c49,100110v110110,1,1,1
683fbddb583d9944e4d71c49,110100v110110,1,1,1
6840b7ccec83f76347d59ef4,000101v000111,1,1,1
6840b7ccec83f76347d59ef4,000110v010110,0,0,0
6840b7ccec83f76347d59ef4,001110v011110,1,1,1
6840b7ccec83f76347d59ef4,011100v011101,0,1,1
6840b7ccec83f76347d59ef4,100101v110101,1,0,0
6840b7ccec83f76347d59ef4,101000v101100,0,0,0
6840b7ccec83f76347d59ef4,111000v111001,1,1,1
6840e27b2b4d77b177c0c0e1,000010v000011,0,0,0
6840e27b2b4d77b177c0c0e1,000010v010010,1,1,1
6840e27b2b4d77b177c0c0e1,010010v010011,0,0,0
6840e27b2b4d77b177c0c0e1,010110v011110,1,1,1
6840e27b2b4d77b177c0c0e1,011000v011010,1,1,1
6840e27b2b4d77b177c0c0e1,100001v100011,1,1,1
6840e27b2b4d77b177c0c0e1,100010v101010,0,0,0
6840e27b2b4d77b177c0c0e1,101110v111110,1,1,1
6840e27b2b4d77b177c0c0e1,110010v110110,1,1,1
6840e27b2b4d77b177c0c0e1,110100v111100,1,1,1
6841aae609b740f6ce7c32ab,010001v010011,0,1,0
6841aae609b740f6ce7c32ab,010100v010101,0,1,1
6841aae609b740f6ce7c32ab,011000v011001,0,1,0
6841aae609b740f6ce7c32ab,101000v101010,1,1,1
6841aae609b740f6ce7c32ab,101010v101110,1,0,0
6841aae609b740f6ce7c32ab,110010v110110,0,1,1
6841aae609b740f6ce7c32ab,110100v110101,1,0,0
684237cc3a8a5f73f3ebe87e,000100v001100,0,0,0
684237cc3a8a5f73f3ebe87e,000110v010110,1,1,1
684237cc3a8a5f73f3ebe87e,000111v001111,1,0,0
684237cc3a8a5f73f3ebe87e,010000v010010,1,1,1
684237cc3a8a5f73f3ebe87e,010010v011010,1,1,1
684237cc3a8a5f73f3ebe87e,100101v110101,1,1,1
684237cc3a8a5f73f3ebe87e,101011v101111,0,1,1
684237cc3a8a5f73f3ebe87e,101101v101111,1,1,1
684237cc3a8a5f73f3ebe87e,110001v110101,1,1,1
684237cc3a8a5f73f3ebe87e,110010v111010,0,0,0
6842391141ea8159c090a738,000001v000011,1,1,1
6842391141ea8159c090a738,000010v000011,0,0,0
6842391141ea8159c090a738,000111v010111,0,1,0
6842391141ea8159c090a738,010010v010011,0,1,0
6842391141ea8159c090a738,011100v011110,0,1,0
6842391141ea8159c090a738,101110v101111,1,0,1
6842391141ea8159c090a738,110000v111000,0,0,0
6842391141ea8159c090a738,110011v110111,1,1,1
6842391141ea8159c090a738,110101v111101,0,0,0
6842391141ea8159c090a738,110110v111110,0,1,1
68427a4366aa20709cb45430,000101v001101,1,1,1
68427a4366aa20709cb45430,010000v010001,1,1,1
68427a4366aa20709cb45430,010101v010111,0,0,0
68427a4366aa20709cb45430,010101v011101,1,1,0
68427a4366aa20709cb45430,011010v011011,0,1,0
68427a4366aa20709cb45430,100110v110110,1,1,1
68427a4366aa20709cb45430,110001v110011,0,0,1
68427a4366aa20709cb45430,110110v111110,0,1,0
68427a4366aa20709cb45430,111010v111011,0,0,0
68427a4366aa20709cb45430,111101v111111,1,1,1
68435a3d4406d0c8713438b8,000000v000001,0,1,1
68435a3d4406d0c8713438b8,000000v010000,0,0,0
68435a3d4406d0c8713438b8,000100v010100,1,1,1
68435a3d4406d0c8713438b8,001010v001110,0,0,0
68435a3d4406d0c8713438b8,011010v011110,1,1,1
68435a3d4406d0c8713438b8,100001v110001,0,0,1
68435a3d4406d0c8713438b8,101100v101110,0,1,1
68435a3d4406d0c8713438b8,110001v110101,0,1,1
68435a3d4406d0c8713438b8,110011v110111,1,1,1
68435a3d4406d0c8713438b8,111000v111001,1,0,0
68435d50e3c682b144a0b87a,000000v000010,1,1,1
68435d50e3c682b144a0b87a,000000v001000,1,1,1
68435d50e3c682b144a0b87a,000111v010111,1,1,1
68435d50e3c682b144a0b87a,001000v001001,1,1,1
68435d50e3c682b144a0b87a,010110v011110,1,1,1
68435d50e3c682b144a0b87a,100100v101100,0,0,0
68435d50e3c682b144a0b87a,100101v101101,1,1,1
68435d50e3c682b144a0b87a,101001v101101,1,1,1
68435d50e3c682b144a0b87a,110001v110101,1,1,1
68435d50e3c682b144a0b87a,110010v111010,1,1,1
6843fe651abaf689397f6272,001000v001001,0,0,0
6843fe651abaf689397f6272,010000v010100,1,1,1
6843fe651abaf689397f6272,011110v011111,1,1,1
6844b5ecdd3abd0d5459cac1,000000v010000,1,1,1
6844b5ecdd3abd0d5459cac1,000111v001111,1,1,1
6844b5ecdd3abd0d5459cac1,001011v011011,1,1,1
6844b5ecdd3abd0d5459cac1,001110v011110,1,1,1
6844b5ecdd3abd0d5459cac1,010001v010011,0,0,0
6845230f58a84bd958387c70,010010v010011,0,1,0
6845230f58a84bd958387c70,010100v010110,1,1,1
6845230f58a84bd958387c70,110101v111101,1,1,0
6845b92c300f8f1eedb5a62c,000001v001001,1,1,1
6845b92c300f8f1eedb5a62c,000100v010100,1,1,1
6845b92c300f8f1eedb5a62c,001110v001111,0,1,1
6845b92c300f8f1eedb5a62c,011110v011111,1,1,1
6845b92c300f8f1eedb5a62c,100001v100011,1,0,0
6845b92c300f8f1eedb5a62c,100011v100111,1,1,1
6845b92c300f8f1eedb5a62c,101000v111000,1,0,0
6845b92c300f8f1eedb5a62c,101001v101011,0,0,0
6845d1384ddb223de169ff57,000000v000100,1,1,1
6845d1384ddb223de169ff57,000110v000111,1,0,0
6845d1384ddb223de169ff57,000110v001110,1,0,0
6845d1384ddb223de169ff57,001011v001111,1,1,1
6845d1384ddb223de169ff57,010000v010001,0,0,0
6845d1384ddb223de169ff57,100000v100010,1,1,1
6845d1384ddb223de169ff57,100011v101011,1,1,1
6845d1384ddb223de169ff57,100011v110011,0,1,0
6845d1384ddb223de169ff57,110100v111100,0,0,0
6845d1384ddb223de169ff57,111010v111110,1,1,1
68472f1498c009b70916120c,000011v000111,0,0,0
68472f1498c009b70916120c,000110v001110,0,0,0
68472f1498c009b70916120c,010001v011001,1,0,0
68472f1498c009b70916120c,010011v010111,0,0,0
68472f1498c009b70916120c,011000v011001,0,0,0
68472f1498c009b70916120c,100101v101101,1,1,1
68472f1498c009b70916120c,101101v111101,0,1,0
68472f1498c009b70916120c,101111v111111,0,0,0
68472f1498c009b70916120c,110011v110111,1,1,1
68472f1498c009b70916120c,111100v111110,0,1,1
6847addf601309feaf4b493d,000101v001101,1,1,1
6847addf601309feaf4b493d,001001v001101,0,0,0
6847addf601309feaf4b493d,001001v011001,1,1,1
6847addf601309feaf4b493d,010010v010011,0,0,0
6847addf601309feaf4b493d,010110v011110,0,0,0
6847addf601309feaf4b493d,100000v100001,1,1,1
6847addf601309feaf4b493d,100011v100111,0,0,0
6847addf601309feaf4b493d,100011v101011,0,0,0
6847addf601309feaf4b493d,101011v111011,1,1,1
6847addf601309feaf4b493d,110001v110011,0,0,0
6847c7975f0d5a6d64f81366,000110v000111,0,0,0
6847c7975f0d5a6d64f81366,001101v001111,1,0,1
6847c7975f0d5a6d64f81366,010000v010001,0,1,0
6847c7975f0d5a6d64f81366,010001v011001,0,0,0
6847c7975f0d5a6d64f81366,010100v011100,1,1,1
6847c7975f0d5a6d64f81366,100100v110100,1,0,1
6847c7975f0d5a6d64f81366,100111v110111,1,1,1
6847c7975f0d5a6d64f81366,101000v111000,1,1,1
6847c7975f0d5a6d64f81366,110010v110110,1,0,1
6847c7975f0d5a6d64f81366,110110v111110,1,1,1
6848e67c18561723a78811ce,001010v011010,1,1,1
6848e67c18561723a78811ce,111010v111011,0,1,0
6849c804c412a1bdd6d48f56,000101v001101,0,0,0
6849c804c412a1bdd6d48f56,001100v001101,1,0,1
6849c804c412a1bdd6d48f56,010001v010011,1,1,1
6849c804c412a1bdd6d48f56,010001v010101,0,1,1
6849c804c412a1bdd6d48f56,011011v011111,1,1,1
6849c804c412a1bdd6d48f56,100100v101100,0,0,0
6849c804c412a1bdd6d48f56,100101v100111,0,0,0
6849c804c412a1bdd6d48f56,100101v101101,0,0,0
6849c804c412a1bdd6d48f56,101000v101100,1,1,1
6849c804c412a1bdd6d48f56,110001v110101,1,1,0
